State,District,Kind_of_Data,Type_of_initative,Dropdown_list,Tabs (Govt./Others),Card Title,Card Description,Helpline_numbers,Link,Eligibilty (if any),Documents Required (if any),Duration,Any other relevant details,Source links for PDFs
Meghalaya,ALL,State,Shelter View,,Govt.,Shelter Homes for students,,8414804770,http://meghalaya.gov.in/megcms/sites/default/files/announcement/Helpline_Numbers_Updated.pdf,Students in Shillong who want to avail shelter home services.,,,,http://meghalayaonline.gov.in/covid/login.htm
Meghalaya,ALL,State,Health View,Isolation Centers,Govt.,List of all isolation centres,With Contact numbers,,http://meghalayaonline.gov.in/covid/images/materials/hospitals.pdf,,,,,http://meghalayaonline.gov.in/covid/login.htm
Meghalaya,ALL,State,Health View,Speciality Hospitals,Govt.,List of Designated Hospitals for Covid-19 suspect and infected cases,,,http://meghalayaonline.gov.in/covid/images/materials/hospitals.pdf,,,,,http://meghalayaonline.gov.in/covid/login.htm
Meghalaya,ALL,State,Health View,Others,Govt.,Control Room Helpline Number; Integrated Disease Surveillance Programme; East Garo Hills & North Garo Hills,,9485113132,http://meghalaya.gov.in/megcms/sites/default/files/announcement/Helpline_Numbers_Updated.pdf,Helpline for persons under Home Isolation / Quarantine,,,Report of Home Isolation / Quarantine violation in the respective Districts. ▪ Registration of Medical Volunteers,http://meghalaya.gov.in
Meghalaya,ALL,State,Health View,Others,Govt.,Control Room Helpline Number; Integrated Disease Surveillance Programme; South Garo Hills,,7085100406,http://meghalaya.gov.in/megcms/sites/default/files/announcement/Helpline_Numbers_Updated.pdf,Helpline for persons under Home Isolation / Quarantine,,,Report of Home Isolation / Quarantine violation in the respective Districts. ▪ Registration of Medical Volunteers,http://meghalaya.gov.in
Meghalaya,ALL,State,Health View,Others,Govt.,Control Room Helpline Number; Integrated Disease Surveillance Programme; East Khasi Hills,,7085281316,http://meghalaya.gov.in/megcms/sites/default/files/announcement/Helpline_Numbers_Updated.pdf,Helpline for persons under Home Isolation / Quarantine,,,Report of Home Isolation / Quarantine violation in the respective Districts. ▪ Registration of Medical Volunteers,http://meghalaya.gov.in
Meghalaya,ALL,State,Health View,Others,Govt.,Control Room Helpline Number; Integrated Disease Surveillance Programme; Ri Bhoi,,8787520449,http://meghalaya.gov.in/megcms/sites/default/files/announcement/Helpline_Numbers_Updated.pdf,Helpline for persons under Home Isolation / Quarantine,,,Report of Home Isolation / Quarantine violation in the respective Districts. ▪ Registration of Medical Volunteers,http://meghalaya.gov.in
Meghalaya,ALL,State,Health View,Others,Govt.,Control Room Helpline Number; Integrated Disease Surveillance Programme; West Garo Hills & South West Garo Hills,,9864939334,http://meghalaya.gov.in/megcms/sites/default/files/announcement/Helpline_Numbers_Updated.pdf,Helpline for persons under Home Isolation / Quarantine,,,Report of Home Isolation / Quarantine violation in the respective Districts. ▪ Registration of Medical Volunteers,http://meghalaya.gov.in
Meghalaya,ALL,State,Health View,Others,Govt.,Control Room Helpline Number; Integrated Disease Surveillance Programme; West Khasi Hills & South West Khasi Hills,,9485395373,http://meghalaya.gov.in/megcms/sites/default/files/announcement/Helpline_Numbers_Updated.pdf,Helpline for persons under Home Isolation / Quarantine,,,Report of Home Isolation / Quarantine violation in the respective Districts. ▪ Registration of Medical Volunteers,http://meghalaya.gov.in
Meghalaya,ALL,State,Health View,Others,Govt.,Control Room Helpline Number; Integrated Disease Surveillance Programme; West Jaintia Hills & East Jaintia Hills,,6009693315 03655230605 7628075990,http://meghalaya.gov.in/megcms/sites/default/files/announcement/Helpline_Numbers_Updated.pdf,Helpline for persons under Home Isolation / Quarantine,,,Report of Home Isolation / Quarantine violation in the respective Districts. ▪ Registration of Medical Volunteers,http://meghalaya.gov.in
Meghalaya,ALL,State,Health View,Covid19 Testing Centres,Govt.,Government Laboratory,North Eastern Indira Gandhi Regional Institute of Health & Medical Sciences; Shillong; Meghalaya,,https://www.icmr.gov.in/,,,,,
Meghalaya,ALL,State,Others,,Govt.,Self Registration form,,,http://meghalayaonline.gov.in/covid/selfregistration.htm,For those who arrived in Meghalaya in the past one month.,,,,http://meghalayaonline.gov.in/covid
Meghalaya,ALL,State,Others,,Govt.,Self Reporting form (feeling sick?) ,,,http://meghalayaonline.gov.in/covid/editselfregistration.htm,Only for those who have already registered in this portal.,,,,http://meghalayaonline.gov.in/covid
Meghalaya,ALL,State,Others,,Govt.,Registration of Labourers affected by Lockdown due to COVID-19,,,http://164.100.149.196/labours/login.htm,,,,,
Meghalaya,ALL,State,Others,,Govt.,Registration form for Citizens of Meghalaya stranded outside North East,Those who do not have Internet access may also call ; It is to be noted that given the current COVID situation; pre-registration as described above; is mandatory for entering the State,8258811914;7005728463;8794064688;9089171167;8974282912;8974081984;8575342904;9485103194,http://meghalayaonline.gov.in/covid/registerothers.htm,,,,between 9 am and 8 pm on any day,
Meghalaya,ALL,State,Others,,Govt.,Registration form for Citizens of Meghalaya stranded outside India ,,,http://meghalayaonline.gov.in/covid/registerforeign.htm,,,,,
Meghalaya,ALL,State,Others,,Govt.,Financial Assistance to marginal section during covid,,,http://eastgarohills.gov.in/covid19/Notifications/Notification_361.pdf,,,,,http://eastgarohills.gov.in
Meghalaya,ALL,State,E-pass View,,Govt.,Curfew Pass ,,,https://megedistrict.gov.in/renderApplicationForm.do?serviceId=11460003&UUID=97d4e662-40eb-4cea-80f5-5393f4aea153&grievDefined=0&serviceLinkRequired=No&directService=true&userLoggedIn=N&tempId=4321&source=CTZN&OWASP_CSRFTOKEN=1PC7-6B4Q-QMSE-2ILK-6XWJ-MA94-8V0X-ABGS,,Document Proof as to why the PASS is required; Identity Proof (EPIC Card),,,http://meghalaya.gov.in
Meghalaya,ALL,State,Food View,Food Delivery,Govt.,List of all online stores for home Delivery and ecommerce,,,https://www.meghamart.com/,,,,,http://meghalayaonline.gov.in/covid/login.htm
Meghalaya,East Garo Hills,District,E-pass View,,Govt.,,,,https://megedistrict.gov.in/renderApplicationForm.do;jsessionid=6B0F163B6282E35AC0417A444072E414?serviceId=11460003&UUID=5e987f83-5814-4205-99af-f5fd7bf8389a&grievDefined=0&serviceLinkRequired=No&directService=true&userLoggedIn=N&tempId=4321&source=CTZN&OWASP_CSRFTOKEN=O56J-25WJ-ZW62-E6SO-72SL-BCZ3-5UCB-G53I,,,,,
Meghalaya,East Garo Hills,District,Others,,Govt.,Financial Assistance to marginal section during covid,,,http://eastgarohills.gov.in/covid19/Notifications/Notification_361.pdf,,,,,http://eastgarohills.gov.in/covid19
Meghalaya,East Garo Hills,District,Food View,Food Delivery,Govt.,Contact list of volunteers area wise for home Delivery of grocery,,,http://eastgarohills.gov.in/covid19/Announcements/DeliveryContact.pdf,,,,,http://eastgarohills.gov.in/covid-19.html
Meghalaya,Ri Bhoi,District,Food View,Food: Ration,Govt.,Poultry and livestock retailers,,,https://cdn.s3waas.gov.in/s3fe8c15fed5f808006ce95eddb7366e35/uploads/2020/04/2020040816.pdf,,,,,https://ribhoi.gov.i
Meghalaya,Ri Bhoi,District,Shelter View,,Govt.,Relief camp for stranded people,,,https://cdn.s3waas.gov.in/s3fe8c15fed5f808006ce95eddb7366e35/uploads/2020/04/2020040269.pdf,,,,,https://ribhoi.gov.i
Meghalaya,Ri Bhoi,District,Food View,Food Delivery,Govt.,Home Delivery for Nongpoh town and nearby villages,Groceries items; Bakery items and Vegetables respectively,7085252752;8414897670;9774040444;9366496783;1917,https://ribhoi.gov.in/press-release-on-home-Delivery-service/,,,,,https://ribhoi.gov.i
Meghalaya,Ri Bhoi,District,Others,,Govt.,Farmers who want to sell their produce,,1917;9774040444,,,,,,https://ribhoi.gov.i
Meghalaya,South West Garo Hills,District,Others,,Govt.,Self registration of people who travelled from Ri bhoi and west khasi hills before 20th march,,,http://southwestgarohills.gov.in/notices/gen_info.pdf,,,,,http://meghalaya.gov.in
Karnataka,ALL,State,Health View,Speciality Hospitals,Govt.,Fever Clinics ,First point of contact for all suspected COVID-19 Cases.,104,https://covid19.karnataka.gov.in/new-page/Fever%20Clinics/en,,,,,
Karnataka,ALL,State,Health View,Covid-19 Testing Centres,Govt.,Government Laboratories,Government Laboratories: Hassan Inst of Med Sciences (Hassan); Mysore Medical College and Research Institute (Mysore); Shivamogga Institute of Medical Sciences (Shivamogga); Command Hospital (airforce) ( Bengaluru); Bangalore Medical College and Research Institute (Bengaluru); National Institute of Virology (Bangalore Field Unit; Bengaluru); Gulbarga Institute of Medical Sciences (Gulbarga);Vijaynagar Institue of Medical Sciences (Bellary); National Institute of Mental Health and NeuroSciences (Bangalore); Wenlock District Hospital (Mangalore); Karnataka Institute of Medical Sciences (Hubli); National Institute of Traditional Medicine (Belagavi); Deptt. of Biochemistry Indian Institute of Science (Bengaluru); Dharwad Institute of Mental Health & Neurosciences (Dharwad) ,,https://www.icmr.gov.in/,,,,,
Karnataka,ALL,State,Health View,Covid-19 Testing Centres,Govt.,Govt. Institution approved only for CBNAAT testing of COVID-19,Gadag Institute of Medical Sciences (Gadag); Tumkur District Hospital (Tumkur); Vijayapura District Hospital (Vijayapura),,https://www.icmr.gov.in/,,,,,
Karnataka,ALL,State,Health View,Covid19 Testing Centres,Govt.,Private Laboratory,Neuberg Anand Reference Laboratory Anand Tower; #54; Bowring Hospital Road (Bengaluru),,https://www.icmr.gov.in/,,,,,
Karnataka,ALL,State,Health View,Covid19 Testing Centres,Govt.,Private Laboratory,Cancyte Technologies Pvt Ltd; Sri Shankara Research Centre; Bengaluru,,https://www.icmr.gov.in/,,,,,
Karnataka,ALL,State,Health View,Covid19 Testing Centres,Govt.,Private Laboratory,Sakra World Hospital Lab Services; Devarabeesanahalli VArthur Hobli; Bengaluru,,https://www.icmr.gov.in/,,,,,
Karnataka,ALL,State,Health View,Covid19 Testing Centres,Govt.,Private Laboratory,Central Diagnostic Lab; Vydehi Institute of Medical Sciences and Research Centre; #82; E.P.I.P. Area; Whitefield; Bengaluru,,https://www.icmr.gov.in/,,,,,
Karnataka,ALL,State,Health View,Covid19 Testing Centres,Govt.,Private Laboratory,Lab Services; Apollo Hospitals; 154/11; Bannerghatta Road; Bengaluru,,https://www.icmr.gov.in/,,,,,
Karnataka,ALL,State,Health View,Covid19 Testing Centres,Govt.,Private Laboratory,Syngene International Limited; Biocon Park; SEZ; Bommasandra Industrial Area; Phase IV; Bommasandra-Jigani Link Road; Bengaluru,,https://www.icmr.gov.in/,,,,,
Karnataka,ALL,State,Health View,Covid19 Testing Centres,Govt.,Private Laboratory,Department of Lab Medicine; Narayana Hrudayalaya Ltd; 258/A; Bommasandra Industrial Area; Hosur Road; Bengaluru,,https://www.icmr.gov.in/,,,,,
Karnataka,ALL,State,Health View,Covid19 Testing Centres,Govt.,Private Laboratory,Aster Clinical Lab LLP; No 24; Venkatappa Road; Tasker Town; Vasanthanagar; Bangalore,,https://www.icmr.gov.in/,,,,,
Karnataka,ALL,State,Health View,Covid19 Testing Centres,Govt.,Private Laboratory,Microbiological Lab; 22-D 3; KIADB Industrial Area; 1st Phase; Kumbalagidu; Bengaluru,,https://www.icmr.gov.in/,,,,,
Karnataka,ALL,State,Health View,Others,Govt.,Quarantine facility,,,https://covid19.karnataka.gov.in/new-page/Quarantine%20Centers/en,,,,,
Karnataka,ALL,State,Health View,Isolation Centers,Govt.,Isolation Centres,,,https://covid19.karnataka.gov.in/new-page/Isolation%20Centers/en,,,,,
Karnataka,ALL,State,Health View,Speciality Hospitals,Govt.,Designated Covid 19 Hospitals,,,https://covid19.karnataka.gov.in/new-page/Designated%20Covid-19%20Hospitals/en,,,,,
Karnataka,ALL,State,Health View,Tele-consultation,Govt.,Telephone number for registration of doctors who want to volunteer (Telemedicine) in the state,,080-47192219,https://bagalkot.nic.in/en/covid-19/,,,,,
Karnataka,ALL,State,Food View,Hunger Helplines,Govt.,State Government Food Helpline Number,,155214,https://covid19.karnataka.gov.in/page/Helpline/en,,,,,
Karnataka,Bagalkot,District,Health View,Tele-consultation,Govt.,Nimhans Helpline for Mental Health Advice,,080-46110007,https://bagalkot.nic.in/en/covid-19/,,,,,
Karnataka,Bagalkot,District,Health View,Isolation Centers,Govt.,Isolation facilities in the district,,,https://cdn.s3waas.gov.in/s3a1d33d0dfec820b41b54430b50e96b5c/uploads/2020/03/2020032728.pdf,,,,,https://bagalkot.nic.in/en/covid-19/
Karnataka,Bagalkot,District,Others,,Govt.,Facility to get money on your door step from your nearest post offices. The beneficaries of goverment schemes can contact the post office for withdrawal of money from their account. Adhar Number; Bank Number; Mobile number and Account holders finger print is required.,,,https://bagalkot.nic.in/en/covid-19/,,,,,
Karnataka,Belgaum,District,Others,,Govt.,Registration of Volunteer /NGOs/Donors/ Suppliers/ Needs of the people,,,https://belagavi.nic.in/en/covid-19-registration-of-volunteers/,,,,,
Karnataka,Belgaum,District,Others,,Govt.,Accesss to Resources provided and Relief Mapping/ Response Database of COVID 19 belagavi,,,https://belagavi.nic.in/en/covid-19-registration-of-volunteers/,,,,,
Karnataka,Bidar,District,Others,,Govt.,NGOs/Volunteers Registration,,,https:;;docs.google.com;forms;d;e;1FAIpQLSfCiFj6RlMGh3Gj_ul3NYsGFBAf4JK9SXP0zTDooHOUt7b0gA;Viewform,,,,,https://bidar.nic.in/en/ngos-registration-for-bidar-covid-19/
Karnataka,Bijapur(KAR),District,Others,,Govt.,Volunteers registration,,,https:;;docs.google.com;forms;d;e;1FAIpQLSfAwXesf_gBKy6mWov3vzChToJMoxoMntG9OWS70DZNvIBd_A;Viewform,,,,,https://vijayapura.nic.in/en/
Karnataka,Bijapur(KAR),District,Others,,Govt.,Donors Registration,,,https:;;docs.google.com;forms;d;e;1FAIpQLScoNm_K7TQ26DRrcRRsLbnxcOtms-XVC3AC4OuSSj9F6Qx1ow;Viewform,,,,,https://vijayapura.nic.in/en/
Karnataka,Dakshina Kannada,District,Health View,Covid-19 Testing Centres,Govt.,Wenlock Hospital; Hampankatta; Mangalore - 575001,,,https://dk-coronavirus-response-quadperspective.hub.arcgis.com/,,,,,https://dk.nic.in/en/covid-19/
Karnataka,Dakshina Kannada,District,Food View,Food Delivery,Govt.,List of Online Delivery Agencies,,,https://cdn.s3waas.gov.in/s33a835d3215755c435ef4fe9965a3f2a0/uploads/2020/03/2020032939.pdf,,,,,https://dk.nic.in/en/covid-19/
Karnataka,Dakshina Kannada,District,Food View,Food Delivery,Govt.,List of hypermarkets & supermarkets in the city,,,https://cdn.s3waas.gov.in/s33a835d3215755c435ef4fe9965a3f2a0/uploads/2020/03/2020032961.pdf,,,,,https://dk.nic.in/en/covid-19/
Karnataka,Davangere,District,Health View,Tele-consultation,Govt.,List of Doctors for Tele Consultation,,,https://cdn.s3waas.gov.in/s3a8e864d04c95572d1aece099af852d0a/uploads/2020/03/2020033049.pdf,,,,,https://davanagere.nic.in/en/
Karnataka,Dharwad,District,Others,,Govt.,Work Permission to Agencies,,,https://docs.google.com/forms/d/e/1FAIpQLSd7wGMkRXDuEqoH25qAWNOo3_EzbfjrGbeqimznVEswjJZc_g/Viewform,,,,,http://www.dharwad.nic.in/en/covid19.aspx
Karnataka,Dharwad,District,Others,,Govt.,Volunteer Registration,,,https://docs.google.com/forms/d/e/1FAIpQLSd6GLr9DfJxVDZGDEozXuNlM0V0bSgvqQy1QFoDtarFK2DiFA/Viewform,,,,,http://www.dharwad.nic.in/en/covid19.aspx
Karnataka,Dharwad,District,Others,,Govt.,Complaint Registration,,,https://docs.google.com/forms/d/e/1FAIpQLScuPOkJGmgnBd4jcc7Es5wSMPiBceLZF1r2wE7GYWrNERmWVA/Viewform,,,,,http://www.dharwad.nic.in/en/covid19.aspx
Karnataka,Gadag,District,Health View,Others,Govt.,Health dept. helpline,,080 4684 8600; 080 6669 2000,https://gadag.nic.in/en/,,,,,
Karnataka,Gadag,District,Food View,Food Delivery,Govt.,List of grocery supplying shops,,,https://gadagshops.firebaseapp.com/tabs/tab1,,,,,https://gadag.nic.in/en/
Karnataka,Gulbarga,District,Health View,Speciality Hospitals,Govt.,List of Fever Clinics,,,https://cdn.s3waas.gov.in/s306997f04a7db92466a2baa6ebc8b872d/uploads/2020/04/2020041736.pdf,,,,,https://kalaburagi.nic.in/en/covid-19-eng/
Karnataka,Gulbarga,District,Food View,Others,Govt.,Donation of food grains to food committee for distribution of food materials to poor and homeless,,9449985855,https://cdn.s3waas.gov.in/s306997f04a7db92466a2baa6ebc8b872d/uploads/2020/03/2020032850-1.pdf,,,,,https://kalaburagi.nic.in/en/covid-19-eng/
Karnataka,Hassan,District,Others,,Govt.,Volunteer Registration,,,https://docs.google.com/forms/d/e/1FAIpQLSdIceb-3W0XewpPpGKIYD9GHgu5jrveXkWOKC-qIsHGGVZKEw/Viewform,,,,,https://hassan.nic.in/en/
Karnataka,Kolar,District,Others,,Govt.,COVID-19 online complaint registration,,,https:;;docs.google.com;forms;d;e;1FAIpQLSfn8AdwBA82rodY3OKf__7gAcTjts7grlpkAMEtNJ0DuslhLg;Viewform,,,,,https://kolar.nic.in/en/
Karnataka,Mysuru,District,E-pass View,,Govt.,Send your details - Name; Address; Service or Duty Details; Vehicle number; Scanned copy of your ID proof to the given number or mail id, covidmyspass@gmail.com,8277040782,https://mysore.nic.in/en/covid-19-coronavirus/,,,,,
Karnataka,Mysuru,District,Health View,Covid-19 Testing Centres,Govt.,Covid-19 Fever Centres,,,https://cdn.s3waas.gov.in/s30d3180d672e08b4c5312dcdafdf6ef36/uploads/2020/04/2020041784.pdf,,,,,https://mysore.nic.in/en/covid-19-coronavirus/
Karnataka,Shimoga,District,Health View,Others,Govt.,Taluk level contact numbers list,,,https://shimoga.nic.in/en/,,,,,
Karnataka,Udupi,District,Others,,Govt.,Details of various committees formed to prevent spreading of COVID -19 in Udupi,,,https://cdn.s3waas.gov.in/s36bc24fc1ab650b25b4114e93a98f1eba/uploads/2020/03/2020032474.pdf,,,,,https://udupi.nic.in/en/covid-19/
Karnataka,Uttara Kannada,District,Others,,Govt.,,,,http://uttarakannada.nic.in/covid19.html,,,,,
Karnataka,Yadgir,District,Others,,Govt.,Official Team for collecting all the essential commodities like health material; food materials etc.,In coordination with NGOs; orgnizations; public representatives and volunteers,,https://cdn.s3waas.gov.in/s3ba3866600c3540f67c1e9575e213be0a/uploads/2020/04/2020042233.pdf,,,,,https://yadgir.nic.in/en/covid-19/
Karnataka,Yadgir,District,Others,,Govt.,Details of various committees formed to prevent spreading of COVID -19 in Yadgir,,,https://cdn.s3waas.gov.in/s3ba3866600c3540f67c1e9575e213be0a/uploads/2020/04/2020042278.pdf,,,,,https://yadgir.nic.in/en/covid-19/
Uttarakhand,ALL,State,E-pass View,,Govt.,Travel pass,Issued for people engaged in providing essential services; medical emergencies,,https://policecitizenportal.uk.gov.in/e_pass/Home/Index,For people providing essential services like health; manufacturing; transport; storage; shops; banking; media persons. For others only for medical emergency.,Aadhar or department issued ID,,,
Uttarakhand,ALL,State,E-pass View,,Govt.,Department Travel pass,For Police Officials,,https://policecitizenportal.uk.gov.in/Curfew_Pass/Login.aspx,,,,,
Uttarakhand,ALL,State,Food View,Others,Govt.,Public Food Shelter,Public food shelters across Uttarakhand,,https://www.google.com/maps/search/public+food+shelter+uttarakhand/@29.6031986;77.6996262;8z/data=!3m1!4b1,,,,some of the public food shelters are: Public Food Shelter - Mall Rd; near SP Office; Almora; 263601;Noti Karanprayag Rd; near Tehsil office; Karnaprayag; Uttarakhand 246444;Chukku Mohalla ; Ghantaghr; Clock Tower; Chukkuwala; Dehradun; Uttarakhand 248001;Chuna Bhata; Raipur,
Uttarakhand,ALL,State,Health View,Covid-19 Testing Centres,Govt.,Government Laboratory,Government Medical College; Haldwani,,https://www.icmr.gov.in/,,,,,
Uttarakhand,ALL,State,Health View,Covid-19 Testing Centres,Govt.,Government Laboratory,AIIMS; Rishikesh,,https://www.icmr.gov.in/,,,,,
Uttarakhand,ALL,State,Health View,Covid-19 Testing Centres,Govt.,Government Laboratory,Doon Medical College; Dehradun,,https://www.icmr.gov.in/,,,,,
Uttarakhand,ALL,State,Health View,Covid-19 Testing Centres,Govt.,Private Laboratory,Dr. Ahuja’s Pathology and Imaging Centre; 7-B; Astley Hall; Dehradun,01352659700 ; 2650000,https://www.icmr.gov.in/,,,,,
Uttarakhand,ALL,State,Health View,Tele-consultation,Govt.,Medical Helpline,For psychological advice related to mental stress in the pandemic,8046110007,http://health.uk.gov.in/files/Corrected-15-04-2020-Health-Bulletin.pdf,,,,,http://health.uk.gov.in/pages/View/101-covid19-health-bulletin-for-uttarakhand
Uttarakhand,ALL,State,Others,,Govt.,Volunteer registration,COVID warrior team,9761696435;,https://covid19cso.uk.gov.in/VolunteerRegistration.aspx,,,,,
Uttarakhand,Almora,District,Health View,Speciality Hospitals,Govt.,Dedicated COVID Hospital,Base Hospital,05962-2233015,http://health.uk.gov.in/files/New_Doc_2020-03-31_16.55.08.pdf,,,,,http://health.uk.gov.in/
Uttarakhand,Bageshwar,District,Health View,Speciality Hospitals,Govt.,Dedicated COVID Hospital,District Hospital,05963-221822,http://health.uk.gov.in/files/New_Doc_2020-03-31_16.55.08.pdf,,,,,http://health.uk.gov.in/
Uttarakhand,Chamoli,District,Health View,Speciality Hospitals,Govt.,Dedicated COVID Hospital,District Hospital,01372-252187,http://health.uk.gov.in/files/New_Doc_2020-03-31_16.55.08.pdf,,,,,http://health.uk.gov.in/
Uttarakhand,Champawat,District,Health View,Speciality Hospitals,Govt.,Dedicated COVID Hospital,District Hospital,05965- 230312,http://health.uk.gov.in/files/New_Doc_2020-03-31_16.55.08.pdf,,,,,http://health.uk.gov.in/
Uttarakhand,Champawat,District,Health View,Others,Govt.,Chief Medical Office Control Room,For health related isuues,05965230943;,https://uttaraonline.in/nicchp/contact.html,,,,,
Uttarakhand,Champawat,District,Food View,Hunger Helplines,Govt.,Champawat Control room,Food packet distribution,06397374138; 8394075014,https://uttaraonline.in/nicchp/contact.html,,,,,
Uttarakhand,Champawat,District,Food View,Hunger Helplines,Govt.,Lohaghat Control Room,Food packet distribution,05965234524; 7900300000,https://uttaraonline.in/nicchp/contact.html,,,,,
Uttarakhand,Champawat,District,Food View,Hunger Helplines,Govt.,Tanakpur Control Room,Food packet distribution,7456015119; 7249977386,https://uttaraonline.in/nicchp/contact.html,,,,,
Uttarakhand,Champawat,District,Food View,Hunger Helplines,Govt.,Pati Control Room,Food packet distribution,9458148878; 7351303430,https://uttaraonline.in/nicchp/contact.html,,,,,
Uttarakhand,Champawat,District,Health View,Others,Govt.,Tanakpur Hospital,For health related issues,5943266500;,https://uttaraonline.in/nicchp/contact.html,,,,,
Uttarakhand,Champawat,District,Health View,Others,Govt.,Lohaghat Hospital,For health related issues,5965235145;,https://uttaraonline.in/nicchp/contact.html,,,,,
Uttarakhand,Dehradun,District,Health View,Speciality Hospitals,Govt.,Dedicated COVID Hospital,Doon Medical College,0135-2726256;2724506,http://health.uk.gov.in/files/New_Doc_2020-03-31_16.55.08.pdf,,,,,
Uttarakhand,Dehradun,District,Food View,Others,Govt.,Doon Happy meals,Form for Donors to donate food kits ,,http://dsclservices.in/efoodbank/,,,,#No one sleeps hungry - food distribution initiative by dehradun govt,
Uttarakhand,Haridwar,District,Health View,Speciality Hospitals,Govt.,Dedicated COVID Hospital,Mela Hospital,01334-230600,http://health.uk.gov.in/files/New_Doc_2020-03-31_16.55.08.pdf,,,,,http://health.uk.gov.in/
Uttarakhand,Haridwar,District,Food View,Ration,Govt.,Food and Supply Department,,01334-255125,https://haridwar.nic.in/helpline-numbers/,,,,,
Uttarakhand,Haridwar,District,Food View,Food Delivery,Govt.,Home Delivery shops,Names and Contact Details,,https://cdn.s3waas.gov.in/s33416a75f4cea9109507cacd8e2f2aefc/uploads/2020/03/2020033067.pdf,,,,, https://haridwar.nic.in/
Uttarakhand,Haridwar,District,Food View,Ration,Govt.,Ration shops,,,https://haridwar.nic.in/contact-list-of-ration-dealers-in-haridwar/,,,,,
Uttarakhand,Haridwar,District,Food View,Food Delivery,Govt.,Laksar Home Delivery shops ,Names and Contact Details,,https://cdn.s3waas.gov.in/s33416a75f4cea9109507cacd8e2f2aefc/uploads/2020/03/2020040424.pdf,,,,, https://haridwar.nic.in/
Uttarakhand,Haridwar,District,Food View,Others,Govt.,List of flour mills,,,https://haridwar.nic.in/home-Delivery-shops/,,,,, https://haridwar.nic.in/
Uttarakhand,Haridwar,District,Health View,Others,Govt.,District health helpline,,01334-239920; 9411565050; 9897283659,https://haridwar.nic.in/helpline-numbers/,,,,,
Uttarakhand,Haridwar,District,Health View,Medicine Delivery,Govt.,Haridwar medical stores,Names and Contact Details,,https://cdn.s3waas.gov.in/s33416a75f4cea9109507cacd8e2f2aefc/uploads/2020/03/2020033115.pdf,,,9am-7pm,If any medicine is unavailable in any of these shops WhatsApp to Mr. Shekhar satija at 9997993191, https://haridwar.nic.in/
Uttarakhand,Haridwar,District,Health View,Medicine Delivery,Govt.,Laksar Medical stores,Names and Contact Details,,https://cdn.s3waas.gov.in/s33416a75f4cea9109507cacd8e2f2aefc/uploads/2020/03/2020040416.pdf,,,,, https://haridwar.nic.in/
Uttarakhand,Haridwar,District,Health View,Others,Govt.,Roorkee Home Delivery app ,,,https://drive.google.com/file/d/1r5MUTVNvXOIC-Cmb6hOJscTuNVambjdH/View,,,,,
Uttarakhand,Haridwar,District,Others,,Govt.,Nagar Nigar Roorkee app,,,https://drive.google.com/file/d/1ND8zfVe9pWj9fj7QdlZizLJFEnEc9rXL/View,,,,,
Uttarakhand,Nainital,District,Health View,Speciality Hospitals,Govt.,Dedicated COVID Hospital,STM Medical College ; BD Pandey Hospital,05942-235285,http://health.uk.gov.in/files/New_Doc_2020-03-31_16.55.08.pdf,,,,,
Uttarakhand,Pauri Garhwal,District,Health View,Speciality Hospitals,Govt.,Dedicated COVID Hospital,Base Hospital Kotdwar ; Srinagar Medical College,01368-221668,http://health.uk.gov.in/files/New_Doc_2020-03-31_16.55.08.pdf,,,,, http://health.uk.gov.in/
Uttarakhand,Pithoragarh,District,Health View,Speciality Hospitals,Govt.,Dedicated COVID Hospital,District Hospital,05964-225142,http://health.uk.gov.in/files/New_Doc_2020-03-31_16.55.08.pdf,,,,, http://health.uk.gov.in/
Uttarakhand,Pithoragarh,District,Health View,Others,Govt.,Medical Helpline,,228050 ; 226326,https://pithoragarh.nic.in/,,,,,
Uttarakhand,Rudraprayag,District,Health View,Speciality Hospitals,Govt.,Dedicated COVID Hospital,District Hospital (Madhavashram Campus),01364-233946,http://health.uk.gov.in/files/New_Doc_2020-03-31_16.55.08.pdf,,,,, http://health.uk.gov.in/
Uttarakhand,Tehri Garhwal,District,Health View,Speciality Hospitals,Govt.,Dedicated COVID Hospital,District Hospital,01376-232093,http://health.uk.gov.in/files/New_Doc_2020-03-31_16.55.08.pdf,,,,, http://health.uk.gov.in/
Uttarakhand,Uttarkashi,District,Health View,Speciality Hospitals,Govt.,Dedicated COVID Hospital,District Hospital,01374-222101,http://health.uk.gov.in/files/New_Doc_2020-03-31_16.55.08.pdf,,,,, http://health.uk.gov.in/
Gujarat,ALL,State,Health View,Tele-consultation,Govt.,Tele advice available 24X7,,9900,https://twitter.com/sdmvyara/status/1244843741132861440?s=20,,,,,
Gujarat,ALL,State,Health View,Others,Govt.,State health helpline number,,104,https://nrhm.gujarat.gov.in/corona-virus-guidline-nhm.htm,,,,,
Gujarat,ALL,State,Health View,Isolation Centers,Govt.,Hospitals names and contact details,Detail of the number of isolation beds across all the districts   ,,https://gujhealth.gujarat.gov.in/images/pdf/PVT-HOSPITAL-COVID-19-ISOLATON-BEDS.pdf,,,,,https://gujhealth.gujarat.gov.in/
Gujarat,ALL,State,Health View,Others,Govt.,Hospital superintendent contact numbers,District-wise details,,https://gujhealth.gujarat.gov.in/images/pdf/HOSPITAL-SUPERINTENDENT-CONTACT-DETAILS-FOR-COVID-19.pdf,,,,,https://gujhealth.gujarat.gov.in/
Gujarat,ALL,State,Health View,Covid-19 Testing Centres,Govt.,Private Laboratories,1)Unipath Speciality Laboratory Ltd; Ahmedabad 2) Supratech Micropath Lab and Research Institute; Ahmedabad. 3) SN Genelab Pvt Ltd; Surat. 4) Pangenomics International Pvt Ltd; Ahmedabad,,https://www.icmr.gov.in/,,,,,
Gujarat,ALL,State,Health View,Covid-19 Testing Centres,Govt.,Government Laboratories,1) BJ Medical college; Ahmedabad .2) MP Shah Govt Medical College; Jamnagar . 3) Govt Medical College; Surat.4) Govt Medical College; Bhavnagar.5) Govt Medical College; Vadodara.6) Govt Medical College; Rajkot .7) NHL Medical College; Ahmedabad.8) GMERS; Ahmedabad 9) GMERS; Gandhinagar 10) GMERS; Valsad 11) National Institute of Occupational Health; Ahmedabad 12) Gujarat Cancer & Research Institute; Ahmedabad 13) SMIMER; Surat,,https://www.icmr.gov.in/,,,,,
Gujarat,ALL,State,E pass View,,Govt.,,,,https://www.digitalgujarat.gov.in/Citizen/ServiceDescription.aspx,,,,,
Gujarat,Amreli,District,,,Govt.,,,,https://amreli.nic.in/,,,,,
Gujarat,Aravalli,District,Food View,Food Delivery,Govt.,Home Delivery of groceries,Area wise details for Delivery of groceries,,https://twitter.com/CollectorArvali/status/1243801359280898048?s=08,,,,,
Gujarat,Aravalli,District,Food View,Food Delivery,Govt.,Home Delivery of milk;vegetables etc,Contact details for Delivery of milk; vegetables etc,,https://twitter.com/CollectorArvali/status/1243791435955965952?s=08,,,,,
Gujarat,Aravalli,District,Food View,Food Delivery,Govt.,Home Delivery of vegetables and groceries,Details of Delivery of vegetables and groceries in rural areas for Byad taluka,,https://twitter.com/CollectorArvali/status/1243785621287481345?s=08,,,,specific for byad taluka,
Gujarat,Aravalli,District,Health View,Medicine Delivery,Govt,Contact details for medical stores and blood bank,details of medical stores and blood bank etc during lockdown,,https://twitter.com/CollectorArvali/status/1243078098985160706?s=08,,,,,
Gujarat,Banaskantha,District,Health View,Tele-consultation,Govt.,Contact details for counselling,,,https://twitter.com/CollectorBK/status/1245403044117770240?s=20,,,,,
Gujarat,Banaskantha,District,Food View,Food Delivery,Govt.,Home Delivery of groceries,List of member from Kirana association providing home Delivery,,https://twitter.com/CollectorBK/status/1242865607449751553?s=20
 https://twitter.com/CollectorBK/status/1242634728223551488?s=20,,,,,
Gujarat,Banaskantha,District,Health View,Medicine Delivery,Govt.,Stay Home (Mobile application),Home Delivery of medicines,,https://twitter.com/CollectorBK/status/1244936314434326534?s=20,,,,,
Gujarat,Banaskantha,District,Food View,Food Delivery,Govt.,Stay Home (Mobile application),,,https://twitter.com/CollectorBK/status/1243929017662820352?s=20,,,,,
Gujarat,Banaskantha,District,E-pass View,,Govt.,Epass,,,http://bkdms.org/,,,,,
Gujarat,Banaskantha,District,Others,,Govt.,Contact numbers of electrician; plumber etc.,,,https://twitter.com/CollectorBK/status/1243168901816619011/photo/1,,,,,
Gujarat,Banaskantha,District,Others,,Govt.,Stay Home (Mobile application),Other serives like electrician etc,,https://twitter.com/CollectorBK/status/1243929017662820352?s=20,,,,,
Gujarat,Banaskantha,District,Others,,Govt.,Agro centers for farmers,home Delivery of products needed for farming,,https://twitter.com/CollectorBK/status/1243078227079331840/photo/1,,,,,
Gujarat,Bharuch,District,Food View,Ration,Govt.,Helpline number of collector and district number,for food and ration,,https://twitter.com/CollectorBharch/status/1245209746879045632?s=20,,,,,
Gujarat,Bhavnagar,District,Food View,Ration,Govt.,Contact details for food and ration,,,https://twitter.com/Collectorbhav/status/1250359331314225157?s=20,,,,,
Gujarat,Bhavnagar,District,Food View,Food Delivery,Govt.,List of vegetable seller,,,https://twitter.com/Collectorbhav/status/1243470171034927104?s=20,,,,,
Gujarat,Botad,District,Food View,Food Delivery,Govt.,Mobile application (AAGAN),Application for groceries and food,,https://twitter.com/Collectorbotad/status/1245280551969288194?s=20,,,,,
Gujarat,Dahod,District,Food View,Others,Govt.,List of Dhabas,,,https://twitter.com/PIBAhmedabad/status/1252209691574390784?s=08,,,,,
Gujarat,Dahod,District,Others,,Govt.,List of truck repair shops,,,https://twitter.com/PIBAhmedabad/status/1252209691574390784?s=08,,,,,
Gujarat,Dahod,District,Health View,Tele-consultation,Govt.,Advisory for senior citizens,,,https://twitter.com/CollectorRjt/status/1251405175056523264?s=08,,,,,
Gujarat,Dahod,District,Health View,Tele-consultation,Govt.,Helpline number,For mentally challenged citizens against corona,,https://twitter.com/DahodMahiti/status/1251037294573744129?s=08,,,,,
Gujarat,Dahod,District,Health View,Tele-consultation,Govt.,Teleconsultation for patients,,,https://twitter.com/CollectorDahod/status/1244587616152031235?s=08,,,,Timing: 9-11am,
Gujarat,Devbhoomi Dwarka,District,Food View,Ration,Govt.,Food distrubution,For card holders,,https://twitter.com/COLLECTORDWK/status/1253572194275258368?s=08,,,,under Pradhan mantri shri Garib kalyan Anna Yojana ;,
Gujarat,Devbhoomi Dwarka,District,Food View,Food Delivery,Govt.,Food Delivery,,,https://twitter.com/sdmkhambhalia/status/1243559411882192896?s=08,,,,,
Gujarat,Devbhoomi Dwarka,District,Others,,Govt.,Details for Delivery of pesticides,,,https://twitter.com/sdmkhambhalia/status/1243559411882192896?s=08,,,,,
Gujarat,Gandhinagar,District,Health View,Medicine Delivery,Govt.,Dahegam Taluka Medical Store Details,,,https://twitter.com/MamDehgam/status/1243488725855694849?s=08,,,,,
Gujarat,Gandhinagar,District,Health View,Medicine Delivery,Govt.,List of drug store,,,https://twitter.com/GandhinagarSdm/status/1245000064864485384?s=08,,,,,
Gujarat,Gandhinagar,District,E pass,,Govt.,Apply via Whatsapp for pass,,8320335010,https://twitter.com/CollectorGnr/status/1244549915109294080?s=08,,,,,
Gujarat,Gandhinagar,District,Shelter View,,Govt.,Information for shelter,,,https://twitter.com/CollectorGnr/status/1244161260549070849?s=08,,,,,
Gujarat,Gandhinagar,District,Food View,Food Delivery,Govt.,List of milk;vegetables and grocery store,,,https://twitter.com/GandhinagarSdm/status/1245000064864485384?s=08,,,,,
Gujarat,Gandhinagar,District,Food View,Food Delivery,Govt.,Dairy contact details,,,https://twitter.com/MamDehgam/status/1243490165902860289?s=08,,,,,
Gujarat,Gandhinagar,District,Food View,Food Delivery,Govt.,Grocery stores,At Dahegam Taluka,,https://twitter.com/MamDehgam/status/1243490417691123712?s=08,,,,,
Gujarat,Gandhinagar,District,Food View,Food Delivery,Govt.,Contact details of Food Delivery,,,https://twitter.com/PKalol/status/1242823204017766403?s=08,,,,,
Gujarat,Gir Somnath,District,Food View,Food Delivery,Govt.,For home Delivery of food,,,https://twitter.com/DDNewsGujarati/status/1242452329258860545/photo/1,,,,,
Gujarat,Jamnagar,District,Food View,Food Delivery,Govt.,Moblie application for for home food Delivery,,,https://twitter.com/SP_Jamnagar/status/1249673317591613442,,,,,
Gujarat,Jamnagar,District,Others,,,Mobile application for basic necessities,,,https://twitter.com/SP_Jamnagar/status/1249673317591613442,,,,,
Gujarat,Jamnagar,District,E pass,,Govt.,E pass,,,https://www.alertcitizen.net/,,,,,
Gujarat,Junagadh,District,Food View,Others,Govt.,Contact details and Guidlines for those who want to distribute food,,9909922526 ; 
 9978622524,https://twitter.com/collectorjunag/status/1243815846201290753/photo/2,,,,,
Gujarat,Junagadh,District,E pass,,Govt.,Passes for essential service,,,https://twitter.com/collectorjunag/status/1243453382116835328,,,,,
Gujarat,Junagadh,District,Food View,Food Delivery,Govt.,Contact list of grocery stores for home Delivery,,,https://twitter.com/collectorjunag/status/1243143689808924672,,,,,
Gujarat,Kachchh,District,Food View,Food Delivery,Govt.,Grocery for senior citizens,,02832-251007; 9925991515; 9712559706,https://twitter.com/BhujPrant/status/1245346746173194240,,,,,
Gujarat,Kachchh,District,Food View,Food Delivery,Govt.,List of resturants for home Delivery,,,https://twitter.com/BhujPrant/status/1245027452394467328,,,,,
Gujarat,Kachchh,District,Food View,Others,Govt.,List of provisonal stores with contact details,Home delivery,,https://twitter.com/CollectorKutch/status/1243516124290928640,,,,,
Gujarat,Kachchh,District,Health View,Medicine Delivery,Govt.,Helpline number for medicines,for senior citizens,02832-251007; 9925991515; 9712559706,https://twitter.com/BhujPrant/status/1245346746173194240,,,,,
Gujarat,Kheda,District,Food View,Food Delivery,Govt.,Contact details of stores,For home Delivery,,https://twitter.com/iamVadodara/status/1243239563629379584?s=08,,,,,
Gujarat,Kheda,District,Others,,Govt.,Money withdrawal,home based withdrawal of money for pensioners,,https://twitter.com/collectorkheda/status/1248134126281977856?s=08,,,,,
Gujarat,Mahisagar,District,Health View,Isolation Centers,Govt.,List of isolation bed and hospitals,,,https://twitter.com/collectormahi/status/1252502256164929537/photo/1,,,,,
Gujarat,Mahisagar,District,Others,,Govt.,Details of tyre puncture ;auto repair etc,,,https://twitter.com/collectormahi/status/1250652236020998146/photo/3,,,,,
Gujarat,Mahisagar,District,Food View,Food Delivery,Govt.,List of grocery stores,providing home Delivery,,https://twitter.com/collectormahi/status/1242986581058707461?s=08,,,,,
Gujarat,Mahisagar,District,Health View,Others,Govt.,providing necessary health services,,,https://twitter.com/DDOMAHISAGAR/status/1241245425685786626?s=08,,,,,
Gujarat,Mahesana,District,,,Govt.,,,,https://mehsana.gujarat.gov.in/,,,,,
Gujarat,Morbi,District,Food View,Food Delivery,Govt.,Contact details for home Delivery of groceries;food ;milk etc.,,,https://twitter.com/CollectorMorbi/status/1243111071596109827?s=08,,,,,
Gujarat,Narmada,District,Food View,Hunger Helplines,Govt.,Contact details,for meals,,https://twitter.com/Infonarmada/status/1243497298757214208?s=08,,,,,
Gujarat,Navsari,District,Shelter View,,Govt.,Shelter facilties,Near Laksmi talkies,2637259401,https://twitter.com/CollectorNav/status/1243562534885421061?s=08,,,,,
Gujarat,Navsari,District,Food View,Food Delivery,Govt.,Detailed information,for grocery stores,,https://twitter.com/CollectorNav/status/1243194204265648128?s=08,,,,,
Gujarat,Navsari,District,Food View,Others,Govt.,List of Traders for Groceries,,,https://twitter.com/CollectorNav/status/1243174669382868992?s=08 https://twitter.com/CollectorNav/status/1243117344454365184?s=08,,,,,
Gujarat,Navsari,District,Food View,Food Delivery,Govt.,Home Delivery of vegetables,,,https://twitter.com/CollectorNav/status/1243116382780194817?s=08 https://twitter.com/CollectorNav/status/1242842126221578240?s=08,,,,,
Gujarat,Navsari,District,Food View,Others,Govt.,List of vegetable hawkers,,,https://twitter.com/CollectorNav/status/1242818867052851200?s=08,,,,,
Gujarat,Navsari,District,Food View,Others,Govt.,Contact details,For home grown vegetables,,https://twitter.com/CollectorNav/status/1242794112715091969?s=08,,,,,
Gujarat,Navsari,District,Food View,Food Delivery,Govt.,Contact details for vegetable home Delivery,Area wise,,https://twitter.com/Krutikavasava1/status/1242431911475023873?s=08,,,,,
Gujarat,Panch mahals,District,Health View,Others,Govt.,Contact details,For health and life oriented services,26721077,https://twitter.com/CollectorGodhra/status/1243180820837421061?s=08,,,,,
Gujarat,Patan,District,,,Govt.,,,,https://patan.nic.in/,,,,,
Gujarat,Porbandar,District,Food View,Food Delivery,Govt.,Details about home delivery of groceries,,,https://twitter.com/ArjunMamlatdar/status/1243571053709922304?s=08,,,,,
Gujarat,Rajkot,District,Health View,Tele-consultation,Govt.,Advisory for senior citizens,,,https://twitter.com/CollectorRjt/status/1251405175056523264?s=08,,,,,
Gujarat,Rajkot,District,Food View,Food Delivery,Govt.,Details for home delivery of essential items,,,https://twitter.com/SDMRajJasdan/status/1245649863221497858?s=08,,,,,
Gujarat,Sabarkantha,District,Food View,Others,Govt.,Information about Dhabas ; hotels,,,https://twitter.com/CollectorSK/status/1251030534253187073?s=20,,,,,
Gujarat,Sabarkantha,District,Others,,Govt.,Essential servives of garage and spare parts,,,https://twitter.com/CollectorSK/status/1251030534253187073?s=20,,,,,
Gujarat,Surat,District,Food View,Food Delivery,Govt.,Food distribution center location,,,http://office.suratmunicipal.org/SuratCOVID19/Home/CoronaFoodDistributionCentersOnMap,,,,,
Gujarat,Surendranagar,District,Food View,Others,Govt.,Meals for poor (contact details),At Annapurna hotel,8980700071,https://twitter.com/CollectorSRN/status/1244563744656482304?s=20,,,,,
Gujarat,Surendranagar,District,Shelter View,,Govt.,Accommodation for laborers (contact details),At Muli,0275-6233330,https://twitter.com/CollectorSRN/status/1244563342938832897?s=20,,,,,
Gujarat,Surendranagar,District,Shelter View,,Govt.,Accommodation details (contact details),At Shri Ram Bhakt Hanuman Aaakshetra,9924480148;9998688590;9106633755,https://twitter.com/CollectorSRN/status/1244554745018290176?s=20,,,,,
Gujarat,Surendranagar,District,Shelter View,,Govt.,All arrangements for accommodation.,,9879797798,https://twitter.com/CollectorSRN/status/1244554225826357249?s=20,,,,,
Gujarat,Tapi,District,Food View,Others,Govt.,LPG gas supplier to consumers,,,https://twitter.com/HPGAS_VAPIAREA/status/1245060370173054976?s=20,,,,,
Gujarat,Tapi,District,Food View,Others,Govt.,Contact information,Availibilty of essential items,,https://twitter.com/sdmvyara/status/1243038259984334848?s=20,,,,,
Gujarat,Tapi,District,Food View,Food deliverey,Govt.,Contact details,grain / groceries to the customer,,https://twitter.com/sdmvyara/status/1243037867401777152?s=20,,,,,
Gujarat,Tapi,District,Food View,Food Delivery,Govt.,Contact details for home delivery,Food and other essential items,,https://twitter.com/CollectorTapi/status/1242911610756141057?s=20,,,,,
Gujarat,Tapi,District,Others,,Govt.,Control room for submission or complaint regarding obtaining essential items,,,https://twitter.com/InfoTapiGoG/status/1242762100256067585?s=20,,,,,
Gujarat,The Dangs,District,,,Govt.,,,,https://dangs.nic.in/,,,,,
Gujarat,Vadodara,District,Health View,Others,Govt.,Blood donation,Detailed information,,https://twitter.com/CollectorVad/status/1245302760582463488?s=20,,,,,
Gujarat,Vadodara,District,Health View,Tele-consultation,Govt.,Tele medicines,,,https://twitter.com/CollectorVad/status/1249608481608351744?s=08,,,,,
Gujarat,Vadodara,District,Health View,Tele-consultation,Govt.,Counselling for people in isolation and quarantine,,2652421001,https://twitter.com/CollectorVad/status/1245573591770337280?s=08,,,,,
Gujarat,Vadodara,District,Others,,Govt.,,,,https://vadodara.nic.in/,,,,,
Gujarat,Valsad,District,Health View,Speciality Hospitals,Govt.,Address and contact information,,,https://valsad.nic.in/public-utility-category/hospitals/,,,,,
Gujarat,Valsad,District,Others,,NGO,Information about NGOS,,,https://valsad.nic.in/public-utility-category/ngos/,,,,,
Gujarat,Valsad,District,Others,,Govt.,Contact details for traveller testing,,,https://pbs.twimg.com/media/EU19bChWoAACs6b?format=jpg&name=small,,,,,
Haryana,ALL,State,Others,,Govt.,Jan Sahayak app,Mobile application to request food;ambulance;medicines;report hoarding;request for movement pass,,https://www.jansahayak.in/,,,,,
Haryana,ALL,State,Health view,Covid19 Testing Centres,Govt.,Pt. B.D. Sharma Post Graduate Inst. of Med. Sciences; Rohtak; Haryana,,,https://icmr.nic.in,,,,,
Haryana,ALL,State,Health view,Covid19 Testing Centres,Govt.,BPS Govt. Medical College; Sonipat,,,https://icmr.nic.in,,,,,
Haryana,ALL,State,Health view,Covid19 Testing Centres,Govt.,ESIC Hospital; Faridabad,,,https://icmr.nic.in,,,,,
Haryana,ALL,State,Health view,Covid19 Testing Centres,Govt.,Kalpana Chawla Govt. Medical College; Karnal,,,https://icmr.nic.in,,,,,
Haryana,ALL,State,Health view,Covid19 Testing Centres,Govt.,ICAR-National Research Centre on Equines; Hisar,,,https://icmr.nic.in,,,,,
Haryana,ALL,State,Health view,Covid19 Testing Centres,Govt.,Translational Health Science & Technology Institute; Faridabad,,,https://icmr.nic.in,,,,,
Haryana,ALL,State,Health view,Covid19 Testing Centres,Govt.,SHKM; Govt. Medical College; Nalhar; Nuh,,,https://haraadesh.nic.in/distrcit-helpline-list/Authorised%20Labs.pdf,,,,,
Haryana,ALL,State,Health view,Covid19 Testing Centres,Govt.,Maharaja Agrasen Medical College; Agroha; Hisar,,,https://haraadesh.nic.in/distrcit-helpline-list/Authorised%20Labs.pdf,,,,,
Haryana,ALL,State,Health view,Covid19 Testing Centres,Govt.,Shaheed Hasan Khan Mewati; Govt. Medical College; Nalhar; Nuh,,,https://haraadesh.nic.in/distrcit-helpline-list/Authorised%20Labs.pdf,,,,,
Haryana,ALL,State,Health view,Covid19 Testing Centres,Govt.,Strand Life Sciences; A-17; Sector 34; Gurugram,,,https://haraadesh.nic.in/distrcit-helpline-list/Authorised%20Labs.pdf,,,,,
Haryana,ALL,State,Health view,Covid19 Testing Centres,Govt.,SRL Limited; GP26; Sector 18; Gurugram,,,https://haraadesh.nic.in/distrcit-helpline-list/Authorised%20Labs.pdf,,,,,
Haryana,ALL,State,Health view,Covid19 Testing Centres,Govt.,Modern Diagnostic & Research Centre-Lab; 363-364/4; JAwahar Nagar. Gurgaon,,,https://haraadesh.nic.in/distrcit-helpline-list/Authorised%20Labs.pdf,,,,,
Haryana,ALL,State,Health view,Covid19 Testing Centres,Govt.,Core Diagnostics Pvt Ltd; Udyog Vihar Phase-3; Gurgaon,,,https://haraadesh.nic.in/distrcit-helpline-list/Authorised%20Labs.pdf,,,,,
Haryana,ALL,State,Health view,Covid19 Testing Centres,Govt.,MolQ Laboratory; Plot 28;29; Sector 18(P); Electronic city; Udyog Vihar; Phase IV; Gurgaon,,,https://haraadesh.nic.in/distrcit-helpline-list/Authorised%20Labs.pdf,,,,,
Haryana,ALL,State,Health view,Covid19 Testing Centres,Govt.,Pathkind Diagnostics Pvt Ltd; Plot 55-56; Phase 4; Udyog Vihar; Sec 18; Gurgaon,,,https://haraadesh.nic.in/distrcit-helpline-list/Authorised%20Labs.pdf,,,,,
Haryana,ALL,State,Health view,Covid19 Testing Centres,Govt.,Department of Pathology and Laboratory Medicine; Medanta-The Medicity; Sector 38; Gurgaon ,,,https://icmr.nic.in,,,,,
Haryana,ALL,State,E-pass view,,Govt.,Movement pass ,for medical emergencies and goverment employees,8558893911,https://saralharyana.gov.in/renderApplicationForm.do?serviceId=15050007&UUID=ca35c9a7-0f73-4018-8540-342e995ddfbb&grievDefined=0&serviceLinkRequired=No&directService=true&userLoggedIn=N&tempId=6467&source=CTZN&OWASP_CSRFTOKEN=M8W1-NEM1-3FT1-92N0-HINI-IV2M-4VH1-Q290,,,,,
Haryana,ALL,State,Shelter,,Govt.,Relief camp management portal,managing people of other states stuck in Haryana,1722741950,https://haryanareliefcamps.edisha.gov.in/,,,,,
Haryana,ALL,State,Others,,Govt.,Financial support portal,for unorganized workers,18001806222,http://poorpreg.haryana.gov.in/,,,,,
Haryana,ALL,State,Others,,Govt.,Sangharsh Senani,Volunteering service,,https://covidssharyana.in/user/register,,,,,
Haryana,ALL,State,Food view,Food delivery,Govt.,Fruit and vegetable vendors,across the state,,https://cdn.s3waas.gov.in/s36cdd60ea0045eb7a6ec44c54d29ed402/uploads/2020/03/2020032743.pdf,,,,,
Haryana,ALL,State,Others,,Govt.,Shop registration,for COVID-19 haryana relief,,https://covidssharyana.in/user/shop,,,,,
Haryana,Ambala,District,Others,,Govt.,Stationery items home delivery ,,,https://cdn.s3waas.gov.in/s315d4e891d784977cacbfcbb00c48f133/uploads/2020/04/2020042456.pdf,,,,,https://ambala.gov.in
Haryana,Ambala,District,Food view,Ration,Govt.,Ration and departmental stores,,,https://cdn.s3waas.gov.in/s315d4e891d784977cacbfcbb00c48f133/uploads/2020/03/2020032613.pdf,,,,,https://ambala.gov.in
Haryana,Ambala,District,Food view,Ration,Govt.,Retailers and wholesalers ,,,https://cdn.s3waas.gov.in/s315d4e891d784977cacbfcbb00c48f133/uploads/2020/03/2020032923.pdf,,,,,https://ambala.gov.in
Haryana,Ambala,District,Health view,Tele-Consultation,Govt.,Covid19 Medical Helpline,,0171-2550580; 9416352304; 9813059474,https://cdn.s3waas.gov.in/s315d4e891d784977cacbfcbb00c48f133/uploads/2020/04/2020041141.pdf,,,,,https://ambala.gov.in
Haryana,Ambala,District,Food view,Ration,Govt.,Milk and dairy shops,,,https://cdn.s3waas.gov.in/s315d4e891d784977cacbfcbb00c48f133/uploads/2020/03/2020032923.pdf,,,,,https://ambala.gov.in
Haryana,Ambala,District,Health view,Medicine delivery,Govt.,Medical shops,,,https://cdn.s3waas.gov.in/s315d4e891d784977cacbfcbb00c48f133/uploads/2020/03/2020032923.pdf,,,,,https://ambala.gov.in
Haryana,Ambala,District,Food view,Ration,Govt.,Fruit and vegetable vendors,,,https://cdn.s3waas.gov.in/s315d4e891d784977cacbfcbb00c48f133/uploads/2020/03/2020032767.pdf,,,,,https://ambala.gov.in
Haryana,Ambala,District,Food view,Ration,Govt.,Potato and onion merchants,,,https://cdn.s3waas.gov.in/s315d4e891d784977cacbfcbb00c48f133/uploads/2020/03/2020032847.pdf,,,,,https://ambala.gov.in
Haryana,Ambala,District,Food view,Ration,Govt.,Bread merchants,,,https://cdn.s3waas.gov.in/s315d4e891d784977cacbfcbb00c48f133/uploads/2020/03/2020032853.pdf,,,,,https://ambala.gov.in
Haryana,Ambala,District,Food view,Ration,Govt.,Grocery Merchants,,,https://cdn.s3waas.gov.in/s315d4e891d784977cacbfcbb00c48f133/uploads/2020/03/2020032829-1.pdf,,,,,https://ambala.gov.in
Haryana,Ambala,District,Food view,Ration,Govt.,Egg Merchants,,,https://cdn.s3waas.gov.in/s315d4e891d784977cacbfcbb00c48f133/uploads/2020/03/2020032886.pdf,,,,,https://ambala.gov.in
Haryana,Ambala,District,Food view,Ration,Govt.,Packaged Food Items Merchants,,,https://cdn.s3waas.gov.in/s315d4e891d784977cacbfcbb00c48f133/uploads/2020/03/2020032874.pdf,,,,,https://ambala.gov.in
Haryana,Ambala,District,Health view,Medicine delivery,Govt.,Medical stores,,,https://cdn.s3waas.gov.in/s315d4e891d784977cacbfcbb00c48f133/uploads/2020/03/2020032814.pdf,,,,,https://ambala.gov.in
Haryana,Ambala,District,Others,,Govt.,Soaps and Other items Merchants,,,https://cdn.s3waas.gov.in/s315d4e891d784977cacbfcbb00c48f133/uploads/2020/03/2020032829.pdf,,,,,https://ambala.gov.in
Haryana,Bhiwani,District,Health view,Isolation Centers,Govt.,Baba yogi netanath hospital ; lohani,,,https://cdn.s3waas.gov.in/s3069059b7ef840f0c74a814ec9237b6ec/uploads/2020/04/2020040615.pdf,,,,,https://bhiwani.gov.in/
Haryana,Bhiwani,District,Health view,Isolation Centers,Govt.,BITS Colege ; bamla,,,https://cdn.s3waas.gov.in/s3069059b7ef840f0c74a814ec9237b6ec/uploads/2020/04/2020040615.pdf,,,,,https://bhiwani.gov.in/
Haryana,Bhiwani,District,Health view,Isolation Centers,Govt.,Panchayati Raj institute,,,https://cdn.s3waas.gov.in/s3069059b7ef840f0c74a814ec9237b6ec/uploads/2020/04/2020040615.pdf,,,,,https://bhiwani.gov.in/
Haryana,Bhiwani,District,Health view,Isolation Centers,Govt.,TITS College,,,https://cdn.s3waas.gov.in/s3069059b7ef840f0c74a814ec9237b6ec/uploads/2020/04/2020040615.pdf,,,,,https://bhiwani.gov.in/
Haryana,Bhiwani,District,Health view,Isolation Centers,Govt.,BRCM edu. Institute; Behal,,,https://cdn.s3waas.gov.in/s3069059b7ef840f0c74a814ec9237b6ec/uploads/2020/04/2020040615.pdf,,,,,https://bhiwani.gov.in/
Haryana,Bhiwani,District,Health view,Isolation Centers,Govt.,ITI Loharu,,,https://cdn.s3waas.gov.in/s3069059b7ef840f0c74a814ec9237b6ec/uploads/2020/04/2020040615.pdf,,,,,https://bhiwani.gov.in/
Haryana,Bhiwani,District,Health view,Isolation Centers,Govt.,Aarohi school ; Siwani,,,https://cdn.s3waas.gov.in/s3069059b7ef840f0c74a814ec9237b6ec/uploads/2020/04/2020040615.pdf,,,,,https://bhiwani.gov.in/
Haryana,Bhiwani,District,Health view,Isolation Centers,Govt.,Govt. Girls College ; Bawani Kheri,,,https://cdn.s3waas.gov.in/s3069059b7ef840f0c74a814ec9237b6ec/uploads/2020/04/2020040615.pdf,,,,,https://bhiwani.gov.in/
Haryana,Bhiwani,District,Others,,Govt.,Essential commodities retailers,,,https://bhiwani.gov.in/list-of-retailers-of-essential-commodities-in-bhiwani/,,,,,https://bhiwani.gov.in/
Haryana,Bhiwani,District,Food view,Ration,Govt.,Rate list of grocery items,,,https://cdn.s3waas.gov.in/s3069059b7ef840f0c74a814ec9237b6ec/uploads/2020/04/2020040793.pdf,,,,,https://bhiwani.gov.in/
Haryana,Bhiwani,District,Others,,Govt.,Bhiwani Bazaar App,Mobile application for home delivery of essentials; contact list of street hawkers provided,,https://cdn.s3waas.gov.in/s3069059b7ef840f0c74a814ec9237b6ec/uploads/2020/04/2020040765.pdf,,,,,https://bhiwani.gov.in/
Haryana,Bhiwani,District,Shelter,,Govt.,Bhiwani Shelter homes ,,,https://cdn.s3waas.gov.in/s3069059b7ef840f0c74a814ec9237b6ec/uploads/2020/04/2020040616.pdf,,,,,https://bhiwani.gov.in/
Haryana,Charkhi Dadri,District,Health view,Tele-Consultation,Govt.,Medical helpline,,9812141770 ; 9813722422; 9350332337; 8168860780,https://cdn.s3waas.gov.in/s3298f95e1bf9136124592c8d4825a06fc/uploads/2020/03/2020032936.pdf,,,,,https://charkhidadri.gov.in/covid-19/
Haryana,Charkhi Dadri,District,Food view,Ration,Govt.,Essential commodities shops,Milk;bread;eggs;groceries;chemist;potatoes and onions;soaps and other items,,https://cdn.s3waas.gov.in/s3298f95e1bf9136124592c8d4825a06fc/uploads/2020/04/2020040729.pdf,,,,,https://charkhidadri.gov.in/covid-19/
Haryana,Charkhi Dadri,District,Health view,Medicine delivery,Govt.,Medicine shops,open 24*7,,https://cdn.s3waas.gov.in/s3298f95e1bf9136124592c8d4825a06fc/uploads/2020/04/2020041497.pdf,,,,,https://charkhidadri.gov.in/covid-19/
Haryana,Charkhi Dadri,District,Food view,Food delivery,Govt.,Fruit and vegetable vendors,,,https://cdn.s3waas.gov.in/s3298f95e1bf9136124592c8d4825a06fc/uploads/2020/03/2020032835.pdf,,,,,https://charkhidadri.gov.in/covid-19/
Haryana,Charkhi Dadri,District,Health view,Tele-Consultation,Govt.,Medical helpline,,9812141770; 9813722422; 9350332337; 8168860780,https://cdn.s3waas.gov.in/s3298f95e1bf9136124592c8d4825a06fc/uploads/2020/03/2020032936.pdf,,,,,https://charkhidadri.gov.in/covid-19/
Haryana,Charkhi Dadri,District,E-pass view,,Govt.,Application for vehicle permission,Personal use ; carrying essential commodity,,https://cdn.s3waas.gov.in/s3298f95e1bf9136124592c8d4825a06fc/uploads/2020/03/2020032696.pdf,,,,,https://charkhidadri.gov.in/covid-19/
Haryana,Charkhi Dadri,District,Others,,Govt.,Chakri dadri relief fund,,,https://cdn.s3waas.gov.in/s3298f95e1bf9136124592c8d4825a06fc/uploads/2020/03/2020032726.pdf,,,,,https://charkhidadri.gov.in/covid-19/
Haryana,Faridabad,District,Others,,Govt.,Volunteering email address,dcfbd@hry.nic.in,,https://faridabad.nic.in/document-category/covid-19-novel-coronavirus/page/3/,,,,,https://faridabad.nic.in
Haryana,Fatehabad,District,Food view,Food delivery,Govt.,Fruit and vegetable vendors,,,https://cdn.s3waas.gov.in/s36cdd60ea0045eb7a6ec44c54d29ed402/uploads/2020/03/2020032629.pdf,,,,,https://faridabad.nic.in
Haryana,Fatehabad,District,Food view,Ration,Govt.,Gram panchayat shops,For Block Nagpur,,https://cdn.s3waas.gov.in/s36cdd60ea0045eb7a6ec44c54d29ed402/uploads/2020/03/2020033192.pdf,,,,,https://faridabad.nic.in
Haryana,Fatehabad,District,Food view,Ration,Govt.,Gram panchayat shops,For Block Fatehbad,,https://cdn.s3waas.gov.in/s36cdd60ea0045eb7a6ec44c54d29ed402/uploads/2020/03/2020033127.pdf,,,,,https://faridabad.nic.in
Haryana,Fatehabad,District,Food view,Food delivery,Govt.,Street hawkers,,,https://cdn.s3waas.gov.in/s36cdd60ea0045eb7a6ec44c54d29ed402/uploads/2020/03/2020032992.pdf,,,,,https://faridabad.nic.in
Haryana,Fatehabad,District,Food view,Ration,Govt.,Essential Commodities Suppliers,,,https://cdn.s3waas.gov.in/s36cdd60ea0045eb7a6ec44c54d29ed402/uploads/2020/03/2020033125.pdf,,,,,https://faridabad.nic.in
Haryana,Fatehabad,District,Food view,Food delivery,Govt.,Farmers to supply fruits and vegetables,,,https://cdn.s3waas.gov.in/s36cdd60ea0045eb7a6ec44c54d29ed402/uploads/2020/03/2020032743.pdf,,,,,https://faridabad.nic.in
Haryana,Gurgaon,District,Others,,Govt.,COVID Email ID,covid19gurugram@gmail.com,,https://gurugram.gov.in/ncovidcoronavirus-19-help-desk/,,,,,https://gurugram.gov.in
Haryana,Gurgaon,District,Others,,Govt.,Volunteering helpline,,91931300500,https://gurugram.gov.in/ncovidcoronavirus-19-help-desk/,,,,,https://gurugram.gov.in
Haryana,Gurgaon,District,Health view,Covid19 Testing Centres,Govt.,Sample collection centers,,,https://cdn.s3waas.gov.in/s325b2822c2f5a3230abfadd476e8b04c9/uploads/2020/03/2020032294.jpeg,,,,,https://gurugram.gov.in
Haryana,Gurgaon,District,Others,,Govt.,Essential information for Gurugram citizens,,,https://cdn.s3waas.gov.in/s325b2822c2f5a3230abfadd476e8b04c9/uploads/2020/03/2020032460.pdf,,,,,https://gurugram.gov.in
Haryana,Hisar,District,Food view,Ration,Govt.,Essential commodities,Milk;vegetables;eatables;medicines,,https://hisar.gov.in/list-of-incident-commanders-sector-officers-for-milk-vegetables-eatables-medicines-sub-division-wise-district-hisar/,,,,,https://hisar.gov.in/
Haryana,Hisar,District,Others,,Govt.,Agriculture helpline,For seed and fertilizers supply at door step,,https://cdn.s3waas.gov.in/s3e56954b4f6347e897f954495eab16a88/uploads/2020/03/2020032865.pdf,,,,,https://hisar.gov.in/
Haryana,Hisar,District,Shelter,,Govt.,Location of shelter homes,,,https://www.google.com/maps/d/u/0/Viewer?mid=12dYtLhKexwSNsVLRw-l6-IhdKa70M-G9&ll=29.3657627902974%2C75.86834474121088&z=11,,,,,https://hisar.gov.in/
Haryana,Hisar,District,Others,,Govt.,Location of community kitchens ,,,https://www.google.com/maps/d/u/0/Viewer?mid=12dYtLhKexwSNsVLRw-l6-IhdKa70M-G9&ll=29.3657627902974%2C75.86834474121088&z=11,,,,,https://hisar.gov.in/
Haryana,Hisar,District,Others,,Govt.,Social media handle Hisar Govt.,,,https://twitter.com/Hsr_dist_admn,,,,,https://hisar.gov.in/
Haryana,Hisar,District,Food view,Food delivery,Govt.,Dry fodder sellers,,,https://cdn.s3waas.gov.in/s3e56954b4f6347e897f954495eab16a88/uploads/2020/03/2020032689.pdf,,,,,https://hisar.gov.in/
Haryana,Hisar,District,Food view,Food delivery,Govt.,Vegetable vendors,,,https://cdn.s3waas.gov.in/s3e56954b4f6347e897f954495eab16a88/uploads/2020/03/2020032728.pdf,,,,,https://hisar.gov.in/
Haryana,Jhajjar,District,Shelter,,Govt.,Bahadurgarh shelters,,,https://cdn.s3waas.gov.in/s38d34201a5b85900908db6cae92723617/uploads/2020/04/2020041526.pdf,,,,,https://jhajjar.nic.in/
Haryana,Jhajjar,District,Food view,Food delivery,Govt.,Fruit and vegetable vendors,Bahadurgarh,,https://cdn.s3waas.gov.in/s38d34201a5b85900908db6cae92723617/uploads/2020/03/2020032642.pdf,,,,,https://jhajjar.nic.in/
Haryana,Jhajjar,District,Food view,Ration,Govt.,Grocery retailers,Bahadurgarh,,https://cdn.s3waas.gov.in/s38d34201a5b85900908db6cae92723617/uploads/2020/03/2020032628.pdf,,,,,https://jhajjar.nic.in/
Haryana,Jhajjar,District,Food view,Ration,Govt.,Whole salers grocery items,,,https://cdn.s3waas.gov.in/s38d34201a5b85900908db6cae92723617/uploads/2020/03/2020032628-1.pdf,,,,,https://jhajjar.nic.in/
Haryana,Jhajjar,District,Others,,Govt.,Form for unrganized workers,for identification; food and shelter facilities,,https://cdn.s3waas.gov.in/s38d34201a5b85900908db6cae92723617/uploads/2020/03/2020032815.pdf,,,,,https://jhajjar.nic.in/
Haryana,Jhajjar,District,Shelter,,Govt.,,,,https://cdn.s3waas.gov.in/s38d34201a5b85900908db6cae92723617/uploads/2020/03/2020032947.pdf,,,,,https://jhajjar.nic.in/
Haryana,Jind,District,Health view,Speciality Hospitals,Govt.,Dedicated COVID Hospitals,,,https://cdn.s3waas.gov.in/s3218a0aefd1d1a4be65601cc6ddc1520e/uploads/2020/04/2020041696.pdf,,,,,jind.gov.in
Haryana,Jind,District,Health view,Isolation Centers,Govt.,Saini Dharamshal ; parshuram chowk; Safidon road,,,https://cdn.s3waas.gov.in/s3218a0aefd1d1a4be65601cc6ddc1520e/uploads/2020/04/2020040998.pdf,,,,,jind.gov.in
Haryana,Kaithal,District,Food view,Hunger Helplines,Govt.,Contact details,For food for needy in both urban and rural area,,https://cdn.s3waas.gov.in/s3a666587afda6e89aec274a3657558a27/uploads/2020/04/2020041613.pdf,,,,,https://kaithal.gov.in/
Haryana,Kaithal,District,Food view,Hunger Helplines,Govt.,Information on hunger relief center,,,https://www.google.com/maps/d/u/0/Viewer?mid=1zZeu3xUkInaMEXh3OJkkj9qQf8FePTmF&ll=29.85786436882145%2C76.45598730000006&z=11,,,,,https://kaithal.gov.in/
Haryana,Kaithal,District,Food view,Home delivery,Govt.,List of volunteers,For home delivery of food items,,https://kaithal.gov.in/notice_category/covid-19-vendors-list/,,,,,https://kaithal.gov.in/
Haryana,Kaithal,District,Food view,Ration,Govt.,Details about dry ration and others,,,https://cdn.s3waas.gov.in/s3a666587afda6e89aec274a3657558a27/uploads/2020/04/2020042015.pdf,,,,,https://kaithal.gov.in/
Haryana,Kaithal,District,Shelter,,Govt.,Information on shelter in district,,,https://www.google.com/maps/d/u/0/Viewer?mid=1zZeu3xUkInaMEXh3OJkkj9qQf8FePTmF&ll=29.85786436882145%2C76.45598730000006&z=11,,,,,https://kaithal.gov.in/
Haryana,Kaithal,District,Shelter,,Govt.,Information of shelters,For migrant laborers,,https://cdn.s3waas.gov.in/s3a666587afda6e89aec274a3657558a27/uploads/2020/03/2020033198.pdf,,,,,https://kaithal.gov.in/
Haryana,Kaithal,District,Health view,Isolation Centers,Govt.,Information about isolation wards ,,,https://cdn.s3waas.gov.in/s3a666587afda6e89aec274a3657558a27/uploads/2020/03/2020032799.pdf,,,,,https://kaithal.gov.in/
Haryana,Kaithal,District,Others,,Govt.,Control room number for any grievances,About money deposited for COVID 19 relief under Pradhan Mantri Gareeb Kalyan Yojana ,1746222603,https://cdn.s3waas.gov.in/s3a666587afda6e89aec274a3657558a27/uploads/2020/04/2020040464.pdf,,,,,https://kaithal.gov.in/
Haryana,Kaithal,District,Others,,Govt.,Quarantine facilities in Kaithal,,,https://cdn.s3waas.gov.in/s3a666587afda6e89aec274a3657558a27/uploads/2020/03/2020032781.pdf,,,,,https://kaithal.gov.in/
Haryana,Kaithal,District,Others,,Govt.,Control room number for any grievances,About money deposited for COVID 19 relief under Pradhan Mantri Gareeb Kalyan Yojana ,1746222603,https://cdn.s3waas.gov.in/s3a666587afda6e89aec274a3657558a27/uploads/2020/04/2020040464.pdf,,,,,https://kaithal.gov.in/
Haryana,Karnal,District,Food view,Food delivery,Govt.,List of vegetable vendos for Home Delivery,,,https://cdn.s3waas.gov.in/s3a01a0380ca3c61428c26a231f0e49a09/uploads/2020/03/2020032562.pdf,,,,,karnal.gov.in
Haryana,Karnal,District,Food view,Ration,Govt.,List of grocery store,,,https://cdn.s3waas.gov.in/s3a01a0380ca3c61428c26a231f0e49a09/uploads/2020/03/2020032865.pdf,,,,,karnal.gov.in
Haryana,Kurukshetra,District,Food view,Ration,Govt.,Helpline number for food and ration,From 7am to 9pm,9770513514,https://kurukshetra.gov.in/,,,,,
Haryana,Kurukshetra,District,Health view,Medicine delivery,Govt.,Helpline number for medicines,From 7am to 9pm,9770513514,https://kurukshetra.gov.in/,,,,,
Haryana,Kurukshetra,District,Health view,Others,Govt.,,,,https://kurukshetra.gov.in/,,,,,
Haryana,Kurukshetra,District,Health view,Others,Govt.,Hospital Helpline,,01744259285; 7027854102,https://kurukshetra.gov.in/,,,,,
Haryana,Kurukshetra,District,Health view,Others,Govt.,Hospital Helpline,,01744259285; 7027854102,https://kurukshetra.gov.in/,,,,,
Haryana,Kurukshetra,District,Others,,Govt.,e-market kurushetra (application),,,https://kurukshetra.gov.in/,,,,,
Haryana,Mahendragarh,District,Food view,Ration,Govt.,Information about confectionery stores,,,https://cdn.s3waas.gov.in/s338913e1d6a7b94cb0f55994f679f5956/uploads/2020/03/2020032774.pdf,,,,,https://mahendragarh.gov.in/
Haryana,Mahendragarh,District,Food view,Ration,Govt.,Providing packaged food and ration, At Red Cross Society ; Narnaul,9812831111,https://cdn.s3waas.gov.in/s338913e1d6a7b94cb0f55994f679f5956/uploads/2020/03/2020032976.pdf,,,,,https://mahendragarh.gov.in/
Haryana,Nuh,District,Health view,Isolation Centers,Govt.,At Meat Engineering College ; Palla,,,https://cdn.s3waas.gov.in/s3941e1aaaba585b952b62c14a3a175a61/uploads/2020/04/2020042464.pdf,,,,,https://nuh.gov.in/
Haryana,Nuh,District,Health view,Medicine delivery,Govt.,Contact details for medicine delivery,,,https://cdn.s3waas.gov.in/s3941e1aaaba585b952b62c14a3a175a61/uploads/2020/03/2020032724.pdf,,,,,https://nuh.gov.in/
Haryana,Nuh,District,Food view,Ration,Govt.,Grocery items price list,,,https://cdn.s3waas.gov.in/s3941e1aaaba585b952b62c14a3a175a61/uploads/2020/04/2020040452.pdf,,,,,https://nuh.gov.in/
Haryana,Nuh,District,Shelter,,Govt.,At District red cross society,,,https://cdn.s3waas.gov.in/s3941e1aaaba585b952b62c14a3a175a61/uploads/2020/03/2020032910.pdf,,,,,https://nuh.gov.in/
Haryana,Palwal,District,Food view,Others,Govt.,Contact information for General stores,,,https://cdn.s3waas.gov.in/s3b6d767d2f8ed5d21a44b0e5886680cb9/uploads/2020/03/2020032664.pdf,,,,,https://palwal.gov.in/
Haryana,Palwal,District,Food view,Food delivery,Govt.,Information about fruits and vegetables seller,,,https://cdn.s3waas.gov.in/s3b6d767d2f8ed5d21a44b0e5886680cb9/uploads/2020/03/2020032666.pdf,,,,,https://palwal.gov.in/
Haryana,Panchkula,District,Health view,Others,Govt.,Contact information,Of General Hospital at Sector 6,0172-2573907,https://cdn.s3waas.gov.in/s39b8619251a19057cff70779273e95aa6/uploads/2020/03/2020033098.pdf,,,,, https://panchkula.nic.in/
Haryana,Panchkula,District,Health view,Medicine delivery,Govt.,Contact information for Medical stores 24*7,,,https://cdn.s3waas.gov.in/s39b8619251a19057cff70779273e95aa6/uploads/2020/03/2020033098.pdf,,,,, https://panchkula.nic.in/
Haryana,Panchkula,District,Health view,Others,Govt.,medical mobile units,,,https://cdn.s3waas.gov.in/s39b8619251a19057cff70779273e95aa6/uploads/2020/03/2020033098.pdf,,,,, https://panchkula.nic.in/
Haryana,Panchkula,District,Health view,Medicine delivery,Govt.,Medical stores for home delivery,,,https://cdn.s3waas.gov.in/s39b8619251a19057cff70779273e95aa6/uploads/2020/03/2020032520.pdf,,,,, https://panchkula.nic.in/
Haryana,Panchkula,District,Health view,Isolation Centers,Govt.,General Hospital; Swami devi Dyal Group of professional institutions; Golpura,,,https://cdn.s3waas.gov.in/s39b8619251a19057cff70779273e95aa6/uploads/2020/04/2020042361.pdf,,,,, https://panchkula.nic.in/
Haryana,Panchkula,District,Food view,Food delivery,Govt.,Contact information for General stores,,,https://cdn.s3waas.gov.in/s39b8619251a19057cff70779273e95aa6/uploads/2020/03/2020032622.pdf,,,,, https://panchkula.nic.in/
Haryana,Panchkula,District,Health view,Others,Govt.,Contact information,Of General Hospital at Sector 6,0172-2573907,https://cdn.s3waas.gov.in/s39b8619251a19057cff70779273e95aa6/uploads/2020/03/2020033098.pdf,,,,, https://panchkula.nic.in/
Haryana,Panchkula,District,Food view,Others,Govt.,Contact information for Dry ration dontation,,9988060116,https://cdn.s3waas.gov.in/s39b8619251a19057cff70779273e95aa6/uploads/2020/03/2020033058.pdf,,,,, https://panchkula.nic.in/
Haryana,Panchkula,District,Food view,Food delivery,Govt.,Contact information,,,https://cdn.s3waas.gov.in/s39b8619251a19057cff70779273e95aa6/uploads/2020/03/2020033098.pdf,,,,, https://panchkula.nic.in/
Haryana,Panchkula,District,Food view,Ration,Govt.,Information about departmental stores,,,,,,,, https://panchkula.nic.in/
Haryana,Panchkula,District,Food view,Food delivery,Govt.,Contact details for VITA (Milk) booth centers,,,https://cdn.s3waas.gov.in/s39b8619251a19057cff70779273e95aa6/uploads/2020/03/2020032589.pdf,,,,, https://panchkula.nic.in/
Haryana,Panchkula,District,Food view,Food delivery,Govt.,Home delivery of ration,,,https://cdn.s3waas.gov.in/s39b8619251a19057cff70779273e95aa6/uploads/2020/03/2020032786.pdf,,,,, https://panchkula.nic.in/
Haryana,Panipat,District,Food view,Food delivery,Govt.,Contact number of grocery stores; vegetable shops and dairy,,,https://panipat.gov.in/essential-items/,,,,,
Haryana,Panipat,District,Health view,Medicine delivery,Govt.,Contact number of medical stores,,,https://panipat.gov.in/essential-items/,,,,,
Haryana,Sirsa,District,Shelter,,Govt.,At Ellenabad,,,https://cdn.s3waas.gov.in/s32a79ea27c279e471f4d180b08d62b00a/uploads/2020/03/2020033033.pdf,,,,,https://sirsa.gov.in
Haryana,Sonipat,District,Food view,Others,Govt.,Rates of vegetables and fruits,For Tehsil Sonipat,,https://cdn.s3waas.gov.in/s3d296c101daa88a51f6ca8cfc1ac79b50/uploads/2020/04/2020042716.pdf,,,,,https://sonipat.gov.in
Haryana,Sonipat,District,Food view,Others,Govt.,Fixed rates of vegetables and fruits for Tehsil Gannaur,,,https://cdn.s3waas.gov.in/s3d296c101daa88a51f6ca8cfc1ac79b50/uploads/2020/04/2020041376.pdf,,,,,https://sonipat.gov.in
Haryana,Sonipat,District,Food view,Ration,Govt.,List of kiryana store (Sub-Division wise),,,https://cdn.s3waas.gov.in/s3d296c101daa88a51f6ca8cfc1ac79b50/uploads/2020/03/2020032568.pdf,,,,,https://sonipat.gov.in
Haryana,Sonipat,District,Food view,Others,Govt.,Contact details of vendors of vegetables and fruits,,,https://cdn.s3waas.gov.in/s3d296c101daa88a51f6ca8cfc1ac79b50/uploads/2020/03/2020032672.pdf,,,,,https://sonipat.gov.in
Haryana,Sonipat,District,Food view,Others,Govt.,Other list of vendors for food; animal fodder etc.,,,https://sonipat.gov.in/novel-corona-virus/necessary-items/,,,,,https://sonipat.gov.in
Haryana,Yamuna Nagar,District,Food view,Food: Ration,Govt.,List of Groceries Shops,,,https://cdn.s3waas.gov.in/s3428fca9bc1921c25c5121f9da7815cde/uploads/2020/03/2020032650.pdf,,,,,https://yamunanagar.nic.in/
Haryana,Yamuna Nagar,District,Food view,Ration,Govt.,List of vegetables and Fruit Vendors ,,,https://cdn.s3waas.gov.in/s3428fca9bc1921c25c5121f9da7815cde/uploads/2020/03/2020032665.pdf,,,,,https://yamunanagar.nic.in/
Haryana,Yamuna Nagar,District,Food view,Food delivery,Govt.,List of groceries shops for home delivery,,,https://cdn.s3waas.gov.in/s3428fca9bc1921c25c5121f9da7815cde/uploads/2020/03/2020032654.pdf,,,,,https://yamunanagar.nic.in/
Haryana,Yamuna Nagar,District,Health view,Medicine delivery,Govt.,List of chemist shops,,,https://cdn.s3waas.gov.in/s3428fca9bc1921c25c5121f9da7815cde/uploads/2020/03/2020032654.pdf,,,,,https://yamunanagar.nic.in/
Haryana,Yamuna Nagar,District,Health view,Medicine delivery,Govt.,Contact details of chemist shops,,,https://cdn.s3waas.gov.in/s3428fca9bc1921c25c5121f9da7815cde/uploads/2020/03/2020032676.pdf,,,,,https://yamunanagar.nic.in/
Haryana,Yamuna Nagar,District,Health view,Medicine delivery,Govt.,Contact information of chemist shop,,,https://cdn.s3waas.gov.in/s3428fca9bc1921c25c5121f9da7815cde/uploads/2020/03/2020032650.pdf  https://cdn.s3waas.gov.in/s3428fca9bc1921c25c5121f9da7815cde/uploads/2020/03/2020032665.pdf,,,,,https://yamunanagar.nic.in/
Haryana,Yamuna Nagar,District,Others,,Govt.,List of volunteers and contact details,providing cooked food; raw material and personal protective equipments,,https://cdn.s3waas.gov.in/s3428fca9bc1921c25c5121f9da7815cde/uploads/2020/03/2020032960.pdf,,,,,https://yamunanagar.nic.in/
Himachal Pradesh,ALL,State,Health View,Covid-19 Testing Centres,Govt.,Government Laboratory,Indira Gandhi Medical College; Shimla,,https://www.icmr.gov.in/,,,,,
Himachal Pradesh,ALL,State,Health View,Covid-19 Testing Centres,Govt.,Government Laboratory,Dr.Rajendra Prasad Govt. Med. College; Kangra; Tanda,,https://www.icmr.gov.in/,,,,,
Himachal Pradesh,ALL,State,Health View,Covid-19 Testing Centres,Govt.,Government Laboratory,Central Research Institute; Kasauli,,https://www.icmr.gov.in/,,,,,
Himachal Pradesh,ALL,State,Health View,Covid-19 Testing Centres,Govt.,Government Laboratory,CSIR Institute of Himalayan Bioresource Technology; Palampur,,https://www.icmr.gov.in/,,,,,
Himachal Pradesh,ALL,State,Health View,Covid-19 Testing Centres,Govt.,Arrangement of sampling from various districts-Dated:22-04-2020,,,http://covidorders.hp.gov.in/frontend/web/writeData/Shimla/a41313565aee5560bef874942c04d3ec87f3a3d7.pdf,,,,,http://covidorders.hp.gov.in/
Himachal Pradesh,ALL,State,Health View,Isolation Centers,Govt.,SLBSGMC Ner Chawk Mandi notified as dedicated isolation facility,,,http://covidorders.hp.gov.in/frontend/web/writeData/Shimla/11f365349f448351339a385ad7eea35ff033d250.pdf,,,,Apart from IGMC Shimla and Dr. RPGMC Tanda,http://covidorders.hp.gov.in/
Himachal Pradesh,ALL,State,Health View,Isolation Centers,Govt.,SS Memorial Ashirwad Hospital;Chamba,,,http://covidorders.hp.gov.in/frontend/web/writeData/Shimla/a4fb69ca8ae6c6fbdb59ed80ce88538f2db568d5.pdf,secondary level dedicated isolation facility catering to distrcit Chamba with Dr. RPGMC Tanda as earmarked tertiary level facility for confirmed cases; in case referral is required.,,,,http://covidorders.hp.gov.in/
Himachal Pradesh,ALL,State,Health View,Isolation Centers,Govt.,Aggarwal Trust Dharamshala; Jwalamukhi; Kangra,,,http://covidorders.hp.gov.in/frontend/web/writeData/Shimla/eb183b72bbb09b8d59b2d13ec90a709245f38f6c.pdf,secondary level dedicated isolation facility catering to distrcit Kangra; medical block nadaun and district Hamirpur with Dr. RPGMC Tanda as earmarked tertiary level facility for confirmed cases; in case referral is required.,,,,http://covidorders.hp.gov.in/
Himachal Pradesh,ALL,State,Health View,Isolation Centers,Govt.,Charitable Hospital; Bhota; Hamirpur,,,http://covidorders.hp.gov.in/frontend/web/writeData/Shimla/143318b022cbc887ab25dbda2fb2d61e44906072.pdf,secondary level dedicated isolation facility catering to distrcit Hamirpur and Una with Dr. RPGMC Tanda as earmarked tertiary level facility for confirmed cases; in case referral is required.,,,,http://covidorders.hp.gov.in/
Himachal Pradesh,ALL,State,Health View,Isolation Centers,Govt.,Civil Hospital; Sarahan; Distt. Sirmaur,,,http://covidorders.hp.gov.in/frontend/web/writeData/Shimla/37c6578fb3e9b508105e5f095a11bbc4fc2444bd.pdf,secondary level dedicated isolation centers catering to district Sirmaur with IGMC Shimla as earmarked tertiary level facility for confirmed cases; in case referral is required.,,,,http://covidorders.hp.gov.in/
Himachal Pradesh,ALL,State,Health View,Isolation Centers,Govt.,ESI Katha; Solan,,,http://covidorders.hp.gov.in/frontend/web/writeData/Shimla/06fa08fc4bea05a71c847c990a40dd4525f180ef.pdf,secondary level dedicated isolation facility catering to district Solan and Sirmaur with IGMC Shimla as earmarked tertiary level facility for confirmed cases; in case referral is required.,,,,http://covidorders.hp.gov.in/
Himachal Pradesh,ALL,State,Health View,Others,Govt.,Institutional Quarantine Facility,HP Institute of Public Administration; Hostel / Guest Houses; Fairlawns.,,https://cdn.s3waas.gov.in/s3b534ba68236ba543ae44b22bd110a1d6/uploads/2020/03/2020033131.pdf,,,,,http://covidorders.hp.gov.in/
Himachal Pradesh,ALL,State,Health View,Others,Govt.,Institutional Quarantine Facility,Institute of Hotel Management; Kufri Shimla.,,https://cdn.s3waas.gov.in/s3b534ba68236ba543ae44b22bd110a1d6/uploads/2020/03/2020033131.pdf,,,,,http://covidorders.hp.gov.in/
Himachal Pradesh,ALL,State,Health View,Others,Govt.,Institutional Quarantine Facility,Co-operative Bank Guest House and Hostel; Sangti; Summerhill.,,https://cdn.s3waas.gov.in/s3b534ba68236ba543ae44b22bd110a1d6/uploads/2020/03/2020033131.pdf,,,,,http://covidorders.hp.gov.in/
Himachal Pradesh,ALL,State,Health View,Others,Govt.,Institutional Quarantine Facility,Tribal Bhawan; dhalli.,,https://cdn.s3waas.gov.in/s3b534ba68236ba543ae44b22bd110a1d6/uploads/2020/03/2020033131.pdf,,,,,http://covidorders.hp.gov.in/
Himachal Pradesh,ALL,State,Health View,Others,Govt.,Institutional Quarantine Facility,Club Mahindra Pristine Peaks; Naldehra Shimla,,https://cdn.s3waas.gov.in/s3b534ba68236ba543ae44b22bd110a1d6/uploads/2020/03/2020033131.pdf,,,,,http://covidorders.hp.gov.in/
Himachal Pradesh,ALL,State,Health View,Others,Govt.,Institute Quarantine facility,Panchayati Raj Training Institute; Baijnath; Kangra; Mashobra; Shimla and State Agricultural Management and Extension Training Institute; Mashobra; Shimla,,http://covidorders.hp.gov.in/frontend/web/writeData/Shimla/3e27e392f4f8dc270928d5538195a74162317704.pdf,,,,,http://covidorders.hp.gov.in/
Himachal Pradesh,ALL,State,E-pass View,,Govt.,,,,http://covid19epass.hp.gov.in/applications/epass/apply,Governmnet ID,,,Online approvals by District Adminstration,
Himachal Pradesh,ALL,State,E-pass View,,Govt.,Application for Issuance of COVID-19 Movement Pass,,,https://serviceonline.gov.in/renderApplicationForm.do;jsessionid=56237D499633035E933C86DFF4C97AA3?serviceId=13730002&UUID=b118e5da-3d13-4118-8862-e23d1db9a913&grievDefined=0&serviceLinkRequired=No&directService=true&userLoggedIn=N&tempId=4860&source=CTZN&OWASP_CSRFTOKEN=AZGA-L512-SR0L-RP16-FRNR-OKI8-CINM-V6BB,Document Proof as to why the PASS is required;  Identity Proof (Voter Id Card;Driving Licence;PAN Card;Passport; Deptt. ID),,,SMS based URL access to ePass,
Himachal Pradesh,ALL,State,Other,,Govt.,Covid 19 integrated portal (Single window for all COVID-19 related IT initiatives by Government of Himachal Pradesh),,,http://covidportal.hp.gov.in/,,,,,
Himachal Pradesh,Bilaspur (HP),State,Food view,Food Delivery,Govt.,Home Delivery of grocery,,,https://drive.google.com/drive/folders/1emHVUn8hQ6ZaWzHjIN8yLDlLQjkaj8ij,,,,For updated ones kindly check the FB handle of DC Bilaspur,https://www.facebook.com/DCBilaspurHP/
Himachal Pradesh,Bilaspur (HP),State,E-pass View,,Govt.,Important numbers for getting curfew passes,,,https://drive.google.com/drive/folders/1emHVUn8hQ6ZaWzHjIN8yLDlLQjkaj8ij,,,,,
Himachal Pradesh,Bilaspur (HP),State,Others,,,Some important numbers for stranded people,,,https://drive.google.com/drive/folders/1emHVUn8hQ6ZaWzHjIN8yLDlLQjkaj8ij,,,,,
Himachal Pradesh,Chamba,District,E-pass View,,Govt.,online curfew pass (Contact numbers are in the link),,,https://cdn.s3waas.gov.in/s3577bcc914f9e55d5e4e4f82f9f00e7d4/uploads/2020/03/2020033054.pdf,,,,,https://hpchamba.nic.in/notice_category/notice-board/page/3/
Himachal Pradesh,Hamirpur(HP),District,Food View,Food Delivery,Govt.,Home Delivery of Milk Products; Order of essential commodities,,,https://hphamirpur.nic.in/      http://hphmrddma.in/login,,,,One needs to sign up and log in in the given link,
Himachal Pradesh,Hamirpur(HP),District,Health View,Others,Govt.,Health Services ,Emergency number during curfew/lockdown,01972-222222,https://hphamirpur.nic.in/helpline/,,,,,
Himachal Pradesh,Kangra,District,E-pass View,,Govt.,All important contact numbers for online curfew passes,,,https://cdn.s3waas.gov.in/s348aedb8880cab8c45637abc7493ecddd/uploads/2020/04/2020042492.pdf,,,,,https://hpkangra.nic.in/covid19/
Himachal Pradesh,Kangra,District,Food View,Food Delivery,Govt.,All important contact numbers for home Delivery of groceries,,,https://cdn.s3waas.gov.in/s348aedb8880cab8c45637abc7493ecddd/uploads/2020/04/2020042492.pdf,,,,,https://hpkangra.nic.in/covid19/
Himachal Pradesh,Kangra,District,Health View,Medicine Delivery,Govt.,All important contact numbers for medicine delivery,,,https://cdn.s3waas.gov.in/s348aedb8880cab8c45637abc7493ecddd/uploads/2020/04/2020042492.pdf,,,,,https://hpkangra.nic.in/covid19/
Himachal Pradesh,Kangra,District,Health View,Tele-consultation,Govt.,All important contact numbers ranging from  tele-consulation to helpline for stress and anxiety etc.,,,https://cdn.s3waas.gov.in/s348aedb8880cab8c45637abc7493ecddd/uploads/2020/04/2020042492.pdf,,,,,https://hpkangra.nic.in/covid19/
Himachal Pradesh,Kangra,District,Health View,Others,Govt.,All important contact numbers ranging from dialysis,,,https://cdn.s3waas.gov.in/s348aedb8880cab8c45637abc7493ecddd/uploads/2020/04/2020042492.pdf,,,,,https://hpkangra.nic.in/covid19/
Himachal Pradesh,Kangra,District,Others,,Govt.,All important contact numbers ranging from gas supply; fodder supply; domestic violence helpline,,,https://cdn.s3waas.gov.in/s348aedb8880cab8c45637abc7493ecddd/uploads/2020/04/2020042492.pdf,,,,,https://hpkangra.nic.in/covid19/
Himachal Pradesh,Kangra,District,Food View,Hunger Helpline,Govt.,Important numbers,,,https://cdn.s3waas.gov.in/s348aedb8880cab8c45637abc7493ecddd/uploads/2020/04/2020042492.pdf,,,,,https://hpkangra.nic.in/covid19/
Himachal Pradesh,Kullu,District,Food Delivery,Ration,Govt.,Food and ration to needy is to be provided by district administration and district red cross society,,,https://hpkullu.nic.in/,,,,,
Himachal Pradesh,Lahul & Spiti,District,,,Govt.,,,,https://hplahaulspiti.nic.in/,,,,,
Himachal Pradesh,Mandi,District,Food View,Food Delivery,Govt.,Contact information on home Delivery of grocery ,,,https://hpmandi.nic.in/important-information-regarding-home-Delivery-covid-19/,,,,,
Himachal Pradesh,Mandi,District,Health ,Medicine delivery,Govt.,Contact information on home Delivery of medicines,,,https://hpmandi.nic.in/important-information-regarding-home-Delivery-covid-19/,,,,,
Himachal Pradesh,Shimla,District,Food View,Food Delivery,Govt.,Information on home Delivery of grocery,,,https://drive.google.com/drive/folders/1L5jO7tUlIG5oRGac_UA1oKpFo0WOJU6C,,,,Updated information can be found on the FB page of DC Shimla,https://www.facebook.com/ShimlaAdministration/
Himachal Pradesh,Shimla,District,Health View,Medicine delivery,Govt.,Information on home Delivery of medicines,,,https://drive.google.com/drive/folders/1L5jO7tUlIG5oRGac_UA1oKpFo0WOJU6C,,,,Updated information can be found on the FB page of DC Shimla,https://www.facebook.com/ShimlaAdministration/
Himachal Pradesh,Shimla,District,Health View,Tele-consultation,Govt.,Information on numbers of counsellors; help for senior citizen; differently able; sick etc.,,,https://drive.google.com/drive/folders/1L5jO7tUlIG5oRGac_UA1oKpFo0WOJU6C,,,,Updated information can be found on the FB page of DC Shimla,https://www.facebook.com/ShimlaAdministration/
Himachal Pradesh,Shimla,District,E-pass View,,Govt.,Information on WhatsApp number for curfew permit,,,https://drive.google.com/drive/folders/1L5jO7tUlIG5oRGac_UA1oKpFo0WOJU6C,,,,Updated information can be found on the FB page of DC Shimla,https://www.facebook.com/ShimlaAdministration/
Himachal Pradesh,Solan,District,Food View,Food Delivery,Govt.,Dhabas/cafes/restaurant/tiffin services open for home Delivery of cooked food items in sub-division of Solan and Nalagarh,,,https://cdn.s3waas.gov.in/s3e2230b853516e7b05d79744fbd4c9c13/uploads/2020/04/2020041161.pdf,,,,Within jurisdiction of subdivison Solan and Nalagarh. ,https://hpsolan.nic.in/document/order-issued-on-11-04-2020/
Himachal Pradesh,Una,District,Food View,Food Delivery,Govt.,Home delivery of grocery,,,https://cdn.s3waas.gov.in/s39b04d152845ec0a378394003c96da594/uploads/2020/03/2020032841.pdf,,,,,https://hpuna.nic.in/
Himachal Pradesh,Una,District,Food View,Ration,Govt.,Free ration to slums and those in distress,,,https://cdn.s3waas.gov.in/s39b04d152845ec0a378394003c96da594/uploads/2020/03/2020032841.pdf,,,,,
Himachal Pradesh,Una,District,Health View,Medicine Delivery,Govt.,Home delivery of medicines,,,https://cdn.s3waas.gov.in/s39b04d152845ec0a378394003c96da594/uploads/2020/03/2020032841.pdf,,,,,https://hpuna.nic.in/
Himachal Pradesh,Una,District,Health View,Others,Govt.,Contact information for dialysis and physiotherapy (pick and drop),,,https://cdn.s3waas.gov.in/s39b04d152845ec0a378394003c96da594/uploads/2020/03/2020032841.pdf,,,,,https://hpuna.nic.in/
Himachal Pradesh,Una,District,Health View,Others,Govt.,Ambulance free as well as paid,,,https://cdn.s3waas.gov.in/s39b04d152845ec0a378394003c96da594/uploads/2020/03/2020032841.pdf,,,,,https://hpuna.nic.in/
Himachal Pradesh,Una,District,E-pass View,,Govt.,Contact information for passes,,,https://cdn.s3waas.gov.in/s39b04d152845ec0a378394003c96da594/uploads/2020/03/2020032841.pdf,,,,,https://hpuna.nic.in/
Himachal Pradesh,Una,District,Others,,Govt.,Helpline numbers for stranded people; home quarantine and assistance to disabled,,,https://cdn.s3waas.gov.in/s39b04d152845ec0a378394003c96da594/uploads/2020/03/2020032841.pdf,,,,,https://hpuna.nic.in/